Section,h[mm],b[mm],t[mm],ro[mm],ri[mm],d[mm],A[cm2],Iy[cm4],Iz[cm4],Ip[cm4],iy[mm],iz[mm],ip[mm],max Sy[cm3],max Sz[cm3],Wy[cm3],Wz[cm3],Ay[cm2],Az[cm2],It[cm4],"It,StVen[cm4]","It,Bredt[cm4]","It,s[cm4]",Wt[cm3],max ω[cm2],Iω[cm6],iω[mm],Wω[cm4],max Sω[cm4],"Wpl,y[cm3]","Wpl,z[cm3]","Wpl,y,webs[cm3]","Wpl,z,flanges[cm3]","αpl,y","αpl,z","Apl,y[cm2]","Apl,z[cm2]",Npl[kN],"Vpl,y[kN]","Vpl,z[kN]","Mpl,y[kNm]","Mpl,z[kNm]",Nu[kN],G[kg/m],Am[m2/m],V[cm3/m],Am/V[1/m],Acell[cm2]
RHS 50x30x2.9,50,30,2.9,4.3,2.9,38.4,4.21,13.2,5.8,19,17.7,11.7,21.2,1.67,1.16,5.29,3.87,1.15,2.5,13.2,0.12,13.08,0.84,6.38,0.87,1.07,2.4,1.23,0.24,6.69,4.63,2.14,1.3,1.265,1.197,1.57,2.73,99.001,21.326,37.064,1.57,1.09,99.001,3.3,0.153,421,363.42,12.69
RHS 50x30x3.0,50,30,3,4.5,3,38,4.34,13.6,5.94,19.54,17.7,11.7,21.2,1.72,1.19,5.43,3.96,1.19,2.61,13.5,0.13,13.37,0.87,6.53,0.87,1.1,2.4,1.27,0.25,6.88,4.76,2.17,1.35,1.267,1.201,1.62,2.82,102.057,21.98,38.261,1.62,1.12,102.057,3.4,0.152,434,350.23,12.61
RHS 50x30x3.2,50,30,3.2,4.8,3.2,37.2,4.6,14.2,6.2,20.4,17.6,11.6,21.1,1.81,1.25,5.68,4.13,1.26,2.75,14.2,0.15,14.05,0.93,6.82,0.86,1.15,2.4,1.34,0.26,7.24,5,2.21,1.44,1.275,1.211,1.72,3,108.097,23.271,40.638,1.7,1.18,108.097,3.6,0.152,460,330.435,12.45
RHS 50x30x3.6,50,30,3.6,5.4,3.6,35.6,5.1,15.4,6.67,22.07,17.4,11.4,20.8,1.98,1.36,6.16,4.45,1.4,3.08,15.4,0.22,15.18,1.03,7.35,0.84,1.24,2.4,1.47,0.28,7.94,5.46,2.28,1.62,1.289,1.227,1.9,3.34,119.89,25.79,45.327,1.87,1.28,119.89,4,0.151,510,296.078,12.14
RHS 50x30x4.0,50,30,4,6,4,34,5.59,16.5,7.08,23.58,17.2,11.3,20.6,2.14,1.47,6.6,4.72,1.53,3.4,16.6,0.29,16.31,1.13,7.81,0.83,1.31,2.4,1.59,0.31,8.59,5.88,2.31,1.8,1.302,1.246,2.08,3.68,131.302,28.221,49.929,2.02,1.38,131.302,4.4,0.15,559,268.336,11.82
RHS 50x30x5.0,50,30,5,7.5,5,30,6.73,18.7,7.89,26.59,16.7,10.8,19.9,2.5,1.7,7.49,5.26,1.86,4.16,19,0.55,18.45,1.36,8.75,0.78,1.45,2.3,1.86,0.35,10.02,6.79,2.25,2.25,1.338,1.292,2.5,4.5,158.159,33.919,61.055,2.36,1.6,158.159,5.3,0.147,673,218.425,11.04
RHS 50x30x5.6,50,30,5.6,9,5.6,27.6,7.37,19.7,8.23,27.93,16.4,10.6,19.5,2.63,1.78,7.89,5.48,2.12,4.8,20.1,0.74,19.36,1.45,9.12,0.73,1.45,2.3,1.98,0.36,10.56,7.13,2.13,2.52,1.338,1.302,2.73,4.97,171.009,37.078,67.47,2.48,1.68,171.009,5.8,0.146,737,198.1,10.5
RHS 50x30x6.3,50,30,6.3,9.4,6.3,24.8,8.07,20.6,8.5,29.1,16,10.3,19,2.87,1.92,8.26,5.66,2.26,5.09,21.1,1.03,20.07,1.58,9.54,0.71,1.51,2.3,2.12,0.39,11.49,7.68,1.94,2.83,1.391,1.356,2.99,5.51,189.504,40.516,74.707,2.7,1.8,189.504,6.3,0.144,807,178.439,10.02
RHS 60x40x2.9,60,40,2.9,4.3,2.9,48.4,5.37,25.8,13.5,39.3,21.9,15.9,27.1,2.65,1.99,8.59,6.77,1.62,3.02,28.4,0.15,28.25,1.12,10.93,1.16,2.34,2.4,2.02,0.39,10.6,7.96,3.4,2.32,1.234,1.176,2.15,3.31,126.261,29.195,44.934,2.49,1.87,126.261,4.2,0.193,537,359.404,21.11
RHS 60x40x3.0,60,40,3,4.5,3,48,5.54,26.5,13.9,40.4,21.8,15.8,26.9,2.73,2.05,8.82,6.95,1.68,3.12,29.2,0.16,29.04,1.16,11.22,1.16,2.4,2.4,2.08,0.41,10.91,8.19,3.46,2.4,1.237,1.178,2.22,3.42,130.257,30.12,46.402,2.56,1.92,130.257,4.3,0.192,554,346.57,21.01
RHS 60x40x3.2,60,40,3.2,4.8,3.2,47.2,5.88,27.8,14.6,42.4,21.8,15.7,26.9,2.88,2.16,9.27,7.29,1.79,3.3,30.8,0.2,30.6,1.24,11.76,1.15,2.53,2.4,2.2,0.43,11.52,8.64,3.56,2.56,1.243,1.185,2.36,3.64,138.177,31.955,49.321,2.71,2.03,138.177,4.6,0.192,588,326.531,20.81
RHS 60x40x3.6,60,40,3.6,5.4,3.6,45.6,6.54,30.4,15.9,46.3,21.6,15.6,26.6,3.18,2.37,10.1,7.93,2,3.69,33.8,0.28,33.52,1.39,12.8,1.14,2.76,2.4,2.43,0.47,12.7,9.5,3.74,2.88,1.258,1.198,2.62,4.06,153.73,35.558,55.096,2.98,2.23,153.73,5.1,0.191,654,292.049,20.42
RHS 60x40x4.0,60,40,4,6,4,44,7.19,32.8,17,49.8,21.4,15.4,26.4,3.46,2.58,10.9,8.52,2.18,4.08,36.7,0.38,36.32,1.53,13.75,1.12,2.98,2.4,2.65,0.51,13.82,10.32,3.87,3.2,1.268,1.211,2.88,4.48,168.902,39.075,60.783,3.25,2.42,168.902,5.6,0.19,719,264.256,20.02
RHS 60x40x5.0,60,40,5,7.5,5,40,8.73,38.1,19.5,57.6,20.9,15,25.7,4.09,3.04,12.7,9.77,2.67,5.03,43,0.71,42.29,1.89,15.8,1.09,3.43,2.4,3.16,0.6,16.39,12.16,4,4,1.291,1.245,3.5,5.5,205.159,47.487,74.623,3.85,2.86,205.159,6.9,0.187,873,214.204,19.04
RHS 60x40x5.6,60,40,5.6,9,5.6,37.6,9.61,40.7,20.7,61.4,20.6,14.7,25.3,4.37,3.24,13.6,10.4,3.03,5.76,46.2,0.98,45.22,2.08,16.77,1.05,3.6,2.4,3.44,0.63,17.52,12.98,3.96,4.48,1.288,1.248,3.85,6.09,223.649,52.274,82.665,4.12,3.05,223.649,7.5,0.186,961,193.548,18.38
RHS 60x40x6.3,60,40,6.3,9.4,6.3,34.8,10.6,43.4,21.9,65.3,20.2,14.4,24.8,4.79,3.54,14.5,11,3.28,6.22,49.5,1.37,48.13,2.29,17.82,1.02,3.83,2.4,3.74,0.69,19.22,14.15,3.81,5.04,1.326,1.286,4.25,6.77,248.724,57.611,91.802,4.52,3.32,248.724,8.3,0.184,1060,173.585,17.76
RHS 60x40x7.1,60,40,7.1,10.7,7.1,31.6,11.6,45.9,22.9,68.8,19.8,14,24.2,5.16,3.78,15.3,11.5,3.63,6.93,52.7,1.9,50.8,2.5,18.74,0.98,3.96,2.4,4.03,0.73,20.69,15.15,3.54,5.68,1.353,1.317,4.67,7.51,273.529,63.386,101.918,4.86,3.56,273.529,9.1,0.182,1160,156.897,16.97
RHS 60x40x8.0,60,40,8,12,8,28,12.8,47.9,23.7,71.6,19.4,13.6,23.7,5.53,4.02,16,11.9,4.02,7.68,55.4,2.63,52.77,2.7,19.52,0.93,4,2.4,4.3,0.77,22.11,16.08,3.14,6.4,1.382,1.351,5.12,8.32,299.607,69.467,112.884,5.19,3.78,299.607,10,0.179,1280,139.844,16.09
RHS 80x40x2.9,80,40,2.9,4.3,2.9,68.4,6.53,52.7,17.5,70.2,28.4,16.4,32.8,4.14,2.53,13.2,8.77,1.44,4.15,42.6,0.18,42.42,4.64,14.92,2.51,13.98,4.5,5.56,1.13,16.55,10.11,6.78,2.32,1.254,1.153,2.15,4.47,153.521,29.195,60.672,3.89,2.38,153.521,5.1,0.233,653,356.815,28.53
RHS 80x40x3.0,80,40,3,4.5,3,68,6.74,54.2,18,72.2,28.4,16.3,32.7,4.26,2.6,13.6,9,1.5,4.28,43.8,0.2,43.6,4.79,15.32,2.51,14.37,4.5,5.73,1.17,17.05,10.41,6.94,2.4,1.254,1.157,2.22,4.62,158.457,30.12,62.683,4.01,2.45,158.457,5.3,0.232,674,344.214,28.41
RHS 80x40x3.2,80,40,3.2,4.8,3.2,67.2,7.16,57.2,18.9,76.1,28.3,16.3,32.7,4.51,2.74,14.3,9.46,1.59,4.57,46.2,0.24,45.96,5.09,16.1,2.49,15.13,4.5,6.07,1.23,18.04,10.99,7.23,2.56,1.262,1.162,2.36,4.92,168.257,31.955,66.688,4.24,2.58,168.257,5.6,0.232,716,324.022,28.17
RHS 80x40x3.6,80,40,3.6,5.4,3.6,65.6,7.98,62.8,20.6,83.4,28.1,16.1,32.4,4.99,3.03,15.7,10.3,1.76,5.1,50.8,0.34,50.46,5.69,17.57,2.46,16.58,4.5,6.73,1.36,19.96,12.12,7.75,2.88,1.272,1.177,2.62,5.5,187.57,35.558,74.633,4.69,2.85,187.57,6.3,0.231,798,289.474,27.7
RHS 80x40x4.0,80,40,4,6,4,64,8.79,68.2,22.2,90.4,27.9,15.9,32.1,5.45,3.3,17.1,11.1,1.94,5.65,55.2,0.46,54.74,6.28,18.94,2.44,17.92,4.5,7.36,1.48,21.81,13.2,8.19,3.2,1.276,1.189,2.88,6.08,206.502,39.075,82.492,5.13,3.1,206.502,6.9,0.23,879,261.661,27.22
RHS 80x40x5.0,80,40,5,7.5,5,60,10.7,80.3,25.7,106,27.4,15.5,31.5,6.53,3.91,20.1,12.9,2.38,6.98,65.1,0.88,64.22,7.68,21.94,2.36,20.8,4.4,8.83,1.76,26.12,15.66,9,4,1.3,1.214,3.5,7.5,252.159,47.487,101.758,6.14,3.68,252.159,8.4,0.227,1070,212.15,26.04
RHS 80x40x5.6,80,40,5.6,9,5.6,57.6,11.8,86.7,27.4,114.1,27,15.2,31,7.04,4.21,21.7,13.7,2.67,7.99,70.2,1.21,68.99,8.47,23.42,2.29,22.01,4.4,9.62,1.89,28.16,16.83,9.29,4.48,1.298,1.229,3.85,8.33,276.289,52.274,113.057,6.62,3.96,276.289,9.3,0.226,1180,191.525,25.26
RHS 80x40x6.3,80,40,6.3,9.4,6.3,54.8,13.1,93.3,29.2,122.5,26.7,14.9,30.6,7.74,4.6,23.3,14.6,2.91,8.66,75.6,1.7,73.9,9.32,25.01,2.24,23.55,4.4,10.5,2.06,31.07,18.39,9.46,5.04,1.333,1.26,4.25,9.29,307.944,57.611,125.993,7.3,4.32,307.944,10.3,0.224,1310,170.992,24.5
RHS 80x40x7.1,80,40,7.1,10.7,7.1,51.6,14.5,99.8,30.7,130.5,26.3,14.6,30.1,8.41,4.95,25,15.4,3.2,9.65,80.9,2.38,78.52,10.2,26.49,2.17,24.66,4.3,11.38,2.21,33.75,19.82,9.45,5.68,1.35,1.287,4.67,10.35,340.269,63.386,140.45,7.93,4.66,340.269,11.4,0.222,1450,153.103,23.55
RHS 80x40x8.0,80,40,8,12,8,48,16,106,32.1,138.1,25.8,14.2,29.4,9.09,5.3,26.5,16.1,3.54,10.75,85.8,3.32,82.48,11.06,27.8,2.08,25.4,4.3,12.23,2.36,36.45,21.2,9.22,6.4,1.376,1.317,5.12,11.52,374.807,69.467,156.3,8.57,4.98,374.807,12.6,0.219,1600,136.875,22.49
RHS 90x50x3.0,90,50,3,4.5,3,78,7.94,84.4,33.5,117.9,32.6,20.5,38.5,5.8,3.84,18.8,13.4,1.99,4.81,76.5,0.24,76.26,5.98,22.4,3.08,25.23,4.6,8.19,1.65,23.19,15.34,9.13,3.75,1.233,1.145,2.82,5.22,186.657,38.261,70.824,5.45,3.6,186.657,6.2,0.272,794,342.569,40.81
RHS 90x50x3.2,90,50,3.2,4.8,3.2,77.2,8.44,89.1,35.3,124.4,32.5,20.4,38.4,6.14,4.06,19.8,14.1,2.11,5.12,80.9,0.29,80.61,6.37,23.6,3.07,26.64,4.6,8.68,1.75,24.56,16.23,9.54,4,1.24,1.151,3,5.56,198.337,40.638,75.371,5.77,3.81,198.337,6.6,0.272,844,322.275,40.53
RHS 90x50x3.6,90,50,3.6,5.4,3.6,75.6,9.42,98.3,38.7,137,32.3,20.3,38.1,6.81,4.49,21.8,15.5,2.36,5.74,89.4,0.4,89,7.14,25.89,3.05,29.36,4.6,9.64,1.93,27.24,17.96,10.29,4.5,1.25,1.159,3.34,6.22,221.41,45.327,84.402,6.4,4.22,221.41,7.4,0.271,942,287.686,39.98
RHS 90x50x4.0,90,50,4,6,4,74,10.4,107,41.9,148.9,32.1,20.1,37.9,7.46,4.9,23.8,16.8,2.59,6.34,97.5,0.55,96.95,7.9,28.06,3.02,31.94,4.6,10.58,2.11,29.85,19.63,10.95,5,1.254,1.168,3.68,6.88,244.102,49.929,93.346,7.01,4.61,244.102,8.2,0.27,1040,259.615,39.42
RHS 90x50x5.0,90,50,5,7.5,5,70,12.7,127,49.2,176.2,31.6,19.7,37.2,9,5.87,28.3,19.7,3.19,7.83,116,1.05,114.95,9.76,32.94,2.95,37.75,4.6,12.79,2.53,35.99,23.52,12.25,6.25,1.272,1.194,4.5,8.5,299.159,61.055,115.326,8.46,5.53,299.159,10,0.267,1270,210.236,38.04
RHS 90x50x5.6,90,50,5.6,9,5.6,67.6,14.1,138,53,191,31.3,19.4,36.8,9.76,6.36,30.7,21.2,3.59,8.93,127,1.45,125.55,10.86,35.48,2.89,40.6,4.6,14.04,2.74,39.05,25.48,12.8,7,1.272,1.202,4.97,9.45,328.929,67.47,128.253,9.18,5.99,328.929,11.1,0.266,1410,188.652,37.14
RHS 90x50x6.3,90,50,6.3,9.4,6.3,64.8,15.6,150,57,207,31,19.1,36.4,10.8,7,33.3,22.8,3.92,9.79,138,2.03,135.97,12.03,38.23,2.85,43.91,4.6,15.42,3.01,43.21,28.01,13.23,7.88,1.298,1.229,5.51,10.55,367.164,74.707,143.088,10.15,6.58,367.164,12.2,0.264,1560,169.231,36.24
RHS 90x50x7.1,90,50,7.1,10.7,7.1,61.6,17.3,162,60.9,222.9,30.6,18.8,35.9,11.77,7.61,36,24.4,4.35,10.95,149,2.86,146.14,13.34,40.95,2.78,46.91,4.6,16.89,3.27,47.23,30.46,13.47,8.88,1.312,1.248,6.09,11.77,407.009,82.652,159.717,11.1,7.16,407.009,13.6,0.262,1730,151.445,35.13
RHS 90x50x8.0,90,50,8,12,8,58,19.2,174,64.6,238.6,30.1,18.4,35.3,12.81,8.23,38.6,25.8,4.83,12.25,160,4,156,14.69,43.56,2.7,49.54,4.6,18.38,3.53,51.39,32.93,13.46,10,1.331,1.276,6.72,13.12,450.007,91.175,178.009,12.08,7.74,450.007,15.1,0.259,1920,134.896,33.89
RHS 90x50x8.8,90,50,8.8,13.2,8.8,54.8,20.7,183,67.2,250.2,29.7,18,34.7,13.65,8.72,40.6,26.9,5.23,13.35,169,5.22,163.78,15.79,45.5,2.62,51.22,4.5,19.56,3.72,54.76,34.88,13.21,11,1.349,1.297,7.25,14.29,486.605,98.382,193.899,12.87,8.2,486.605,16.2,0.257,2070,124.155,32.79
RHS 100x50x3.2,100,50,3.2,4.8,3.2,87.2,9.08,116,38.8,154.8,35.7,20.7,41.3,7.23,4.43,23.2,15.5,2.02,5.76,93.4,0.31,93.09,10.04,26.4,3.96,48.11,5.6,12.15,2.48,28.94,17.73,12.17,4,1.247,1.144,3,6.2,213.377,40.638,84.055,6.8,4.17,213.377,7.1,0.292,908,321.586,45.21
RHS 100x50x3.6,100,50,3.6,5.4,3.6,85.6,10.1,128,42.6,170.6,35.5,20.5,41,8.03,4.91,25.6,17,2.25,6.44,103,0.43,102.57,11.24,28.99,3.93,53.04,5.6,13.5,2.75,32.14,19.63,13.19,4.5,1.255,1.155,3.34,6.94,238.33,45.327,94.171,7.55,4.61,238.33,7.9,0.291,1010,288.119,44.62
RHS 100x50x4.0,100,50,4,6,4,84,11.2,140,46.2,186.2,35.3,20.3,40.7,8.81,5.36,27.9,18.5,2.48,7.17,113,0.59,112.41,12.43,31.44,3.9,57.73,5.6,14.82,3.01,35.24,21.47,14.11,5,1.263,1.161,3.68,7.68,262.902,49.929,104.2,8.28,5.05,262.902,8.8,0.29,1120,258.929,44.02
RHS 100x50x5.0,100,50,5,7.5,5,80,13.7,167,54.3,221.3,34.8,19.9,40.1,10.65,6.44,33.3,21.7,3.04,8.88,135,1.13,133.87,15.32,36.99,3.81,68.34,5.6,17.96,3.62,42.6,25.77,16,6.25,1.279,1.188,4.5,9.5,322.659,61.055,128.893,10.01,6.06,322.659,10.8,0.287,1370,209.489,42.54
RHS 100x50x5.6,100,50,5.6,9,5.6,77.6,15.2,181,58.6,239.6,34.5,19.6,39.7,11.58,6.98,36.2,23.4,3.42,10.03,147,1.56,145.44,17.05,39.9,3.73,73.63,5.5,19.73,3.93,46.32,27.96,16.86,7,1.28,1.195,4.97,10.57,355.249,67.47,143.449,10.89,6.57,355.249,11.9,0.286,1520,188.158,41.58
RHS 100x50x6.3,100,50,6.3,9.4,6.3,74.8,16.9,197,63,260,34.2,19.3,39.3,12.83,7.69,39.4,25.2,3.73,10.98,160,2.2,157.8,18.87,43.06,3.68,79.73,5.5,21.68,4.32,51.33,30.77,17.62,7.88,1.303,1.221,5.51,11.81,396.774,74.707,160.183,12.06,7.23,396.774,13.3,0.284,1690,168.047,40.61
RHS 100x50x7.1,100,50,7.1,10.7,7.1,71.6,18.7,214,67.5,281.5,33.8,19,38.8,14.06,8.38,42.7,27,4.15,12.34,173,3.09,169.91,20.91,46.2,3.59,85.37,5.5,23.77,4.7,56.25,33.5,18.2,8.88,1.317,1.241,6.09,13.19,440.379,82.652,178.983,13.22,7.87,440.379,14.7,0.282,1870,150.802,39.42
RHS 100x50x8.0,100,50,8,12,8,68,20.8,230,71.7,301.7,33.3,18.6,38.1,15.28,9.07,46,28.7,4.59,13.74,186,4.34,181.66,23.04,49.24,3.49,90.44,5.5,25.92,5.08,61.36,36.29,18.5,10,1.334,1.264,6.72,14.72,487.607,91.175,199.717,14.42,8.53,487.607,16.3,0.279,2080,134.135,38.09
RHS 100x50x8.8,100,50,8.8,13.2,8.8,64.8,22.5,243,74.8,317.8,32.9,18.2,37.6,16.33,9.62,48.5,29.9,4.98,15.01,197,5.67,191.33,24.76,51.53,3.4,93.82,5.4,27.63,5.38,65.55,38.51,18.48,11,1.352,1.288,7.25,16.05,527.965,98.382,217.778,15.4,9.05,527.965,17.7,0.277,2250,123.111,36.91
RHS 100x50x10.0,100,50,10,15,10,60,24.9,259,78.4,337.4,32.2,17.7,36.7,17.74,10.34,51.8,31.4,5.54,16.82,209,8.09,200.91,27,54.31,3.25,96.91,5.4,29.85,5.76,71.2,41.4,18,12.5,1.375,1.318,8,18,585.636,108.542,244.219,16.73,9.73,585.636,19.5,0.274,2490,110.04,35.14
RHS 100x60x3.2,100,60,3.2,4.8,3.2,87.2,9.72,131,58.8,189.8,36.7,24.6,44.2,8.01,5.61,26.2,19.6,2.63,5.68,129,0.33,128.67,7.6,32.38,3.63,42.49,4.7,11.69,2.34,32.04,22.43,12.17,5.76,1.223,1.144,3.64,6.2,228.417,49.321,84.055,7.53,5.27,228.417,7.6,0.312,972,320.988,54.89
RHS 100x60x3.6,100,60,3.6,5.4,3.6,85.6,10.9,145,64.8,209.8,36.5,24.4,43.9,8.9,6.22,28.9,21.6,2.95,6.38,142,0.47,141.53,8.53,35.65,3.61,47.01,4.7,13.01,2.59,35.61,24.88,13.19,6.48,1.232,1.152,4.06,6.94,255.25,55.096,94.171,8.37,5.85,255.25,8.6,0.311,1090,285.321,54.26
RHS 100x60x4.0,100,60,4,6,4,84,12,158,70.5,228.5,36.3,24.3,43.7,9.77,6.82,31.6,23.5,3.25,7.03,156,0.63,155.37,9.46,38.78,3.59,51.34,4.7,14.29,2.84,39.08,27.26,14.11,7.2,1.237,1.16,4.48,7.68,281.702,60.783,104.2,9.18,6.41,281.702,9.4,0.31,1200,258.333,53.62
RHS 100x60x5.0,100,60,5,7.5,5,80,14.7,189,83.6,272.6,35.8,23.8,43,11.84,8.21,37.8,27.9,4.01,8.71,188,1.21,186.79,11.74,45.94,3.53,61.35,4.7,17.37,3.42,47.35,32.89,16,9,1.253,1.179,5.5,9.5,346.159,74.623,128.893,11.13,7.73,346.159,11.5,0.307,1470,208.844,52.04
RHS 100x60x5.6,100,60,5.6,9,5.6,77.6,16.3,206,90.6,296.6,35.5,23.6,42.6,12.9,8.94,41.2,30.2,4.52,9.89,205,1.68,203.32,13.14,49.78,3.48,66.63,4.7,19.13,3.73,51.61,35.8,16.86,10.08,1.253,1.185,6.09,10.57,381.569,82.665,143.449,12.13,8.41,381.569,12.8,0.306,1630,187.73,51.02
RHS 100x60x6.3,100,60,6.3,9.4,6.3,74.8,18.1,225,98.1,323.1,35.2,23.3,42.2,14.31,9.87,45,32.7,4.95,10.89,224,2.37,221.63,14.6,53.98,3.44,72.58,4.7,21.09,4.11,57.24,39.52,17.62,11.34,1.272,1.209,6.77,11.81,426.384,91.802,160.183,13.45,9.29,426.384,14.2,0.304,1810,167.956,49.98
RHS 100x60x7.1,100,60,7.1,10.7,7.1,71.6,20.2,244,106,350,34.8,22.9,41.7,15.71,10.8,48.8,35.3,5.54,12.14,245,3.33,241.67,16.29,58.26,3.38,78.44,4.7,23.22,4.49,62.84,43.23,18.2,12.78,1.288,1.225,7.51,13.19,473.749,101.918,178.983,14.77,10.16,473.749,15.9,0.302,2020,149.505,48.71
RHS 100x60x8.0,100,60,8,12,8,68,22.4,264,113,377,34.4,22.5,41.1,17.12,11.77,52.8,37.8,6.1,13.61,265,4.68,260.32,18.11,62.51,3.3,84.07,4.7,25.47,4.88,68.72,47.07,18.5,14.4,1.302,1.245,8.32,14.72,525.207,112.884,199.717,16.15,11.06,525.207,17.6,0.299,2240,133.482,47.29
RHS 100x60x8.8,100,60,8.8,13.2,8.8,64.8,24.2,279,119,398,34,22.2,40.6,18.34,12.55,55.9,39.7,6.65,14.8,282,6.13,275.87,19.63,65.83,3.23,88.19,4.7,27.31,5.19,73.57,50.18,18.48,15.84,1.316,1.264,9.01,16.05,569.325,122.262,217.778,17.29,11.79,569.325,19,0.297,2420,122.727,46.03
RHS 100x60x10.0,100,60,10,15,10,60,26.9,299,126,425,33.3,21.6,39.7,19.99,13.58,59.9,42.1,7.42,16.62,304,8.76,295.24,21.72,70.03,3.11,92.81,4.7,29.8,5.6,80.2,54.36,18,18,1.339,1.291,10,18,632.636,135.677,244.219,18.85,12.77,632.636,21.1,0.294,2690,109.294,44.14
RHS 120x60x3.6,120,60,3.6,5.4,3.6,105.6,12.3,227,76.3,303.3,43,24.9,49.7,11.8,7.24,37.9,25.4,2.74,7.75,183,0.53,182.47,19.55,43.29,5.73,136.01,6.7,23.76,4.86,47.19,28.94,20.07,6.48,1.245,1.14,4.06,8.38,289.09,55.096,113.708,11.09,6.8,289.09,9.7,0.351,1230,285.366,65.54
RHS 120x60x4.0,120,60,4,6,4,104,13.6,249,83.1,332.1,42.8,24.7,49.4,12.97,7.94,41.5,27.7,3.02,8.63,201,0.72,200.28,21.65,47.14,5.69,148.65,6.7,26.13,5.33,51.87,31.74,21.63,7.2,1.25,1.146,4.48,9.28,319.302,60.783,125.909,12.19,7.46,319.302,10.7,0.35,1360,257.353,64.82
RHS 120x60x5.0,120,60,5,7.5,5,100,16.7,299,98.8,397.8,42.3,24.3,48.8,15.77,9.59,49.9,32.9,3.72,10.67,242,1.38,240.62,26.79,56.03,5.59,177.99,6.7,31.85,6.45,63.08,38.39,25,9,1.264,1.167,5.5,11.5,393.159,74.623,156.029,14.82,9.02,393.159,13.1,0.347,1670,207.784,63.04
RHS 120x60x5.6,120,60,5.6,9,5.6,97.6,18.6,327,107,434,42,24,48.4,17.24,10.46,54.6,35.8,4.15,12.1,265,1.91,263.09,29.93,60.84,5.51,193.62,6.7,35.13,7.06,68.97,41.89,26.67,10.08,1.263,1.17,6.09,12.81,434.209,82.665,173.841,16.21,9.85,434.209,14.6,0.346,1860,186.022,61.9
RHS 120x60x6.3,120,60,6.3,9.4,6.3,94.8,20.7,358,116,474,41.6,23.7,47.9,19.16,11.56,59.7,38.8,4.55,13.3,290,2.7,287.3,33.24,66.11,5.45,211.25,6.7,38.79,7.79,76.64,46.29,28.31,11.34,1.284,1.193,6.77,14.33,485.604,91.802,194.374,18.01,10.88,485.604,16.2,0.344,2070,166.184,60.72
RHS 120x60x7.1,120,60,7.1,10.7,7.1,91.6,23,391,126,517,41.2,23.4,47.4,21.11,12.67,65.2,41.9,5.11,14.92,317,3.81,313.19,37.03,71.54,5.35,228.91,6.7,42.77,8.55,84.42,50.74,29.79,12.78,1.295,1.211,7.51,16.03,540.489,101.918,217.515,19.84,11.92,540.489,18.1,0.342,2300,148.696,59.29
RHS 120x60x8.0,120,60,8,12,8,88,25.6,425,135,560,40.8,23,46.8,23.17,13.85,70.8,45,5.64,16.71,344,5.36,338.64,41.1,76.99,5.24,246.19,6.6,46.99,9.33,92.67,55.39,30.98,14.4,1.309,1.231,8.32,17.92,600.407,112.884,243.134,21.78,13.02,600.407,20.1,0.339,2560,132.422,57.69
RHS 120x60x8.8,120,60,8.8,13.2,8.8,84.8,27.8,452,142,594,40.4,22.7,46.3,24.89,14.8,75.3,47.5,6.11,18.23,366,7.03,358.97,44.53,81.28,5.13,259.22,6.6,50.49,9.97,99.56,59.19,31.64,15.84,1.322,1.246,9.01,19.57,652.045,122.262,265.537,23.4,13.91,652.045,21.8,0.337,2780,121.223,56.27
RHS 120x60x10.0,120,60,10,15,10,80,30.9,488,152,640,39.7,22.1,45.4,27.18,16.08,81.4,50.5,6.89,20.51,396,10.09,385.91,49.3,86.82,4.97,274.65,6.6,55.26,10.81,109.12,64.36,32,18,1.341,1.274,10,22,726.636,135.677,298.49,25.64,15.12,726.636,24.3,0.334,3090,108.091,54.14
RHS 120x80x3.6,120,80,3.6,5.4,3.6,105.6,13.7,276,147,423,44.8,32.7,55.5,13.89,10.49,46,36.7,4.14,7.57,301,0.59,300.41,11.21,59.5,4.73,99.75,4.9,21.09,4.17,55.57,41.97,20.07,11.52,1.208,1.143,5.5,8.38,322.93,74.633,113.708,13.06,9.86,322.93,10.8,0.391,1370,285.401,88.82
RHS 120x80x4.0,120,80,4,6,4,104,15.2,303,161,464,44.6,32.5,55.2,15.29,11.53,50.4,40.2,4.6,8.42,330,0.8,329.2,12.44,65.02,4.72,109.48,4.9,23.21,4.58,61.15,46.13,21.63,12.8,1.213,1.148,6.08,9.28,356.902,82.492,125.909,14.37,10.84,356.902,11.9,0.39,1520,256.579,88.02
RHS 120x80x5.0,120,80,5,7.5,5,100,18.7,365,193,558,44.2,32.1,54.6,18.65,14.03,60.9,48.2,5.67,10.4,401,1.55,399.45,15.53,77.96,4.67,132.57,4.9,28.37,5.57,74.58,56.12,25,16,1.225,1.164,7.5,11.5,440.159,101.758,156.029,17.53,13.19,440.159,14.7,0.387,1870,206.952,86.04
RHS 120x80x5.6,120,80,5.6,9,5.6,97.6,20.8,401,211,612,43.9,31.8,54.2,20.44,15.37,66.8,52.7,6.39,11.82,442,2.15,439.85,17.48,85.11,4.65,145.56,4.9,31.33,6.1,81.78,61.49,26.67,17.92,1.224,1.167,8.33,12.81,486.849,113.057,173.841,19.22,14.45,486.849,16.3,0.386,2080,185.577,84.78
RHS 120x80x6.3,120,80,6.3,9.4,6.3,94.8,23.2,440,230,670,43.6,31.5,53.8,22.74,17.02,73.3,57.6,7.01,13.03,487,3.03,483.97,19.5,93.03,4.61,159.88,4.9,34.71,6.75,90.97,68.21,28.31,20.16,1.241,1.184,9.29,14.33,544.824,125.993,194.374,21.38,16.03,544.824,18.2,0.384,2320,165.517,83.46
RHS 120x80x7.1,120,80,7.1,10.7,7.1,91.6,25.8,482,251,733,43.2,31.2,53.3,25.11,18.76,80.3,62.8,7.85,14.61,535,4.29,530.71,21.89,101.39,4.56,175.12,4.9,38.42,7.43,100.46,75.16,29.79,22.72,1.251,1.197,10.35,16.03,607.229,140.45,217.515,23.61,17.66,607.229,20.3,0.382,2580,148.062,81.87
RHS 120x80x8.0,120,80,8,12,8,88,28.8,525,273,798,42.7,30.8,52.6,27.65,20.61,87.5,68.1,8.8,16.32,587,6.05,580.95,24.54,110.01,4.5,190.78,4.9,42.42,8.14,110.59,82.53,30.98,25.6,1.264,1.212,11.52,17.92,675.607,156.3,243.134,25.99,19.4,675.607,22.6,0.379,2880,131.597,80.09
RHS 120x80x8.8,120,80,8.8,13.2,8.8,84.8,31.3,561,290,851,42.4,30.4,52.2,29.78,22.15,93.5,72.4,9.58,17.86,629,7.94,621.06,26.84,117.01,4.44,203.35,4.9,45.82,8.73,119.13,88.7,31.64,28.16,1.274,1.225,12.53,19.57,734.765,170.02,265.537,28,20.84,734.765,24.6,0.377,3130,120.447,78.51
RHS 120x80x10.0,120,80,10,15,10,80,34.9,609,313,922,41.8,29.9,51.4,32.68,24.32,102,78.1,10.76,20.1,688,11.43,676.57,30.17,126.39,4.34,219.76,4.9,50.63,9.55,131.12,97.28,32,32,1.285,1.246,14,22,820.636,189.948,298.49,30.81,22.86,820.636,27.4,0.374,3490,107.163,76.14
RHS 150x100x4.0,150,100,4,6,4,134,19.2,607,324,931,56.3,41.1,69.7,24.35,18.41,81,64.8,5.78,10.54,660,1.02,658.98,24.33,105.03,7.41,342.36,6.1,46.19,9.16,97.41,73.64,35.91,20,1.203,1.136,7.68,11.68,450.902,104.2,158.471,22.89,17.31,450.902,15.1,0.49,1920,255.208,140.02
RHS 150x100x5.0,150,100,5,7.5,5,130,23.7,739,392,1131,55.8,40.7,69.1,29.86,22.53,98.5,78.5,7.15,13.13,807,1.96,805.04,30.38,126.99,7.37,417.63,6.1,56.68,11.19,119.43,90.1,42.25,25,1.212,1.148,9.5,14.5,557.659,128.893,196.732,28.07,21.17,557.659,18.6,0.487,2370,205.485,137.54
RHS 150x100x5.6,150,100,5.6,9,5.6,127.6,26.4,814,431,1245,55.5,40.4,68.6,32.89,24.8,109,86.2,8.05,14.82,891,2.73,888.27,34.21,139.37,7.35,461.07,6.1,62.75,12.32,131.55,99.19,45.59,28,1.207,1.151,10.57,16.17,618.449,143.449,219.428,30.91,23.31,618.449,20.7,0.486,2640,184.091,135.98
RHS 150x100x6.3,150,100,6.3,9.4,6.3,124.8,29.5,898,474,1372,55.2,40.1,68.2,36.67,27.59,120,94.8,8.92,16.41,986,3.87,982.13,38.22,153.22,7.3,509.09,6.1,69.74,13.69,146.69,110.37,49.06,31.5,1.222,1.164,11.81,18.11,692.874,160.183,245.66,34.47,25.94,692.874,23.2,0.484,2950,164.068,134.31
RHS 150x100x7.1,150,100,7.1,10.7,7.1,121.6,32.9,990,520,1510,54.8,39.7,67.7,40.68,30.55,132,104,9.96,18.43,1090,5.48,1084.52,43,168.12,7.25,561.69,6.1,77.47,15.14,162.7,122.21,52.49,35.5,1.233,1.175,13.19,20.29,774.079,178.983,275.314,38.23,28.72,774.079,25.8,0.482,3290,146.505,132.32
RHS 150x100x8.0,150,100,8,12,8,118,36.8,1090,569,1659,54.4,39.4,67.2,45.01,33.68,145,114,11.15,20.76,1200,7.75,1192.25,48.33,183.82,7.19,617.41,6.1,85.89,16.69,180.04,134.96,55.7,40,1.242,1.184,14.72,22.72,863.607,199.717,308.259,42.31,31.72,863.607,28.9,0.479,3680,130.163,130.09
RHS 150x100x8.8,150,100,8.8,13.2,8.8,114.8,40.1,1170,610,1780,54,39,66.6,48.71,36.39,156,122,12.2,22.67,1300,10.21,1289.79,53.02,196.86,7.13,663.82,6.1,93.14,18.01,194.84,145.8,57.99,44,1.249,1.195,16.05,24.85,941.565,217.778,337.174,45.79,34.26,941.565,31.5,0.477,4010,118.953,128.11
RHS 150x100x10.0,150,100,10,15,10,110,44.9,1280,665,1945,53.4,38.5,65.8,54,40.24,171,133,13.69,25.42,1430,14.76,1415.24,59.92,214.87,7.03,727.76,6.1,103.57,19.87,216,161.2,60.5,50,1.263,1.212,18,28,1055.636,244.219,379.896,50.76,37.88,1055.636,35.2,0.474,4490,105.568,125.14
RHS 150x100x11.0,150,100,11,16.5,11,106,48.9,1370,707,2077,52.9,38,65.1,58.17,43.26,183,141,14.93,27.92,1540,19.39,1520.61,65.53,228.53,6.93,775.72,6.1,111.86,21.32,232.68,173.24,61.8,55,1.271,1.229,19.58,30.58,1148.07,265.656,414.901,54.68,40.71,1148.07,38.4,0.472,4890,96.524,122.67
RHS 150x100x12.5,150,100,12.5,18.8,12.5,100,54.6,1490,763,2253,52.2,37.4,64.2,63.83,47.5,198,153,16.77,31.54,1680,27.9,1652.1,73.66,246.86,6.78,838.33,6.1,123.61,23.31,256.09,190,62.5,62.5,1.293,1.242,21.88,34.37,1282.244,296.794,466.391,60.18,44.65,1282.244,42.9,0.468,5460,85.714,118.97
RHS 160x80x4.0,160,80,4,6,4,144,18.4,612,207,819,57.7,33.5,66.7,23.68,14.57,76.5,51.7,4.09,11.56,493,0.98,492.02,51.74,88.12,10.27,652.37,8.9,63.5,13.04,94.72,58.29,41.47,12.8,1.238,1.127,6.08,12.48,432.102,82.492,169.325,22.26,13.7,432.102,14.4,0.47,1840,255.435,118.42
RHS 160x80x5.0,160,80,5,7.5,5,140,22.7,744,249,993,57.2,33.1,66.1,29.01,17.78,93,62.3,5.04,14.38,600,1.88,598.12,64.28,106.08,10.15,791.16,8.9,77.92,15.93,116.04,71.12,49,16,1.248,1.142,7.5,15.5,534.159,101.758,210.3,27.27,16.71,534.159,17.8,0.467,2270,205.727,116.04
RHS 160x80x5.6,160,80,5.6,9,5.6,137.6,25.3,819,273,1092,56.9,32.9,65.7,31.92,19.54,102,68.2,5.67,16.25,661,2.62,658.38,72.02,116.11,10.07,869.24,8.9,86.33,17.55,127.69,78.16,53.01,17.92,1.252,1.146,8.33,17.29,592.129,113.057,234.624,30.01,18.37,592.129,19.9,0.466,2530,184.19,114.54
RHS 160x80x6.3,160,80,6.3,9.4,6.3,134.8,28.2,903,299,1202,56.6,32.6,65.3,35.59,21.67,113,74.8,6.26,17.97,730,3.7,726.3,80.27,127.26,9.98,956.55,8.9,95.8,19.46,142.38,86.78,57.24,20.16,1.26,1.16,9.29,19.37,663.264,125.993,262.755,33.46,20.39,663.264,22.1,0.464,2820,164.539,112.94
RHS 160x80x7.1,160,80,7.1,10.7,7.1,131.6,31.5,994,327,1321,56.2,32.2,64.8,39.45,23.94,124,81.7,6.99,20.15,804,5.24,798.76,89.87,139.15,9.87,1049.72,8.9,106.31,21.51,157.81,95.86,61.48,22.72,1.273,1.173,10.35,21.71,740.709,140.45,294.58,37.09,22.53,740.709,24.7,0.462,3150,146.667,111.03
RHS 160x80x8.0,160,80,8,12,8,128,35.2,1090,356,1446,55.7,31.8,64.1,43.62,26.37,136,89,7.8,22.56,883,7.41,875.59,100.44,151.53,9.74,1146.59,8.9,117.69,23.7,174.49,105.57,65.54,25.6,1.283,1.186,11.52,24.32,826.007,156.3,329.967,41.01,24.81,826.007,27.6,0.459,3520,130.398,108.89
RHS 160x80x8.8,160,80,8.8,13.2,8.8,124.8,38.3,1170,379,1549,55.3,31.5,63.6,47.18,28.41,147,94.9,8.47,24.66,949,9.76,939.24,109.59,161.68,9.62,1225.55,8.9,127.39,25.55,188.71,113.76,68.53,28.16,1.284,1.199,12.53,26.61,900.205,170.02,361.054,44.35,26.73,900.205,30.1,0.457,3830,119.321,106.99
RHS 160x80x10.0,160,80,10,15,10,120,42.9,1280,411,1691,54.7,31,62.9,52.24,31.32,161,103,9.49,27.73,1040,14.09,1025.91,122.83,175.51,9.43,1331.22,8.9,141.21,28.15,208.96,125.28,72,32,1.298,1.216,14,30,1008.636,189.948,407.032,49.11,29.44,1008.636,33.7,0.454,4290,105.828,104.14
RHS 160x80x11.0,160,80,11,16.5,11,116,46.7,1370,435,1805,54.2,30.5,62.2,56.22,33.55,171,109,10.35,30.52,1110,18.5,1091.5,133.35,185.79,9.26,1407.45,8.8,152.04,30.14,224.88,134.18,74.01,35.2,1.315,1.231,15.18,32.78,1096.37,205.958,444.75,52.85,31.53,1096.37,36.7,0.452,4670,96.788,101.77
RHS 160x80x12.5,160,80,12.5,18.8,12.5,110,52.1,1480,465,1945,53.4,29.9,61.2,61.55,36.59,186,116,11.54,34.14,1200,26.6,1173.4,148.16,199.26,8.99,1501.48,8.8,167.04,32.81,247.13,146.37,75.63,40,1.329,1.262,16.87,36.88,1223.494,228.955,500.31,58.07,34.4,1223.494,40.9,0.448,5210,85.988,98.22
RHS 180x60x4.0,180,60,4,6,4,164,18.4,697,121,818,61.6,25.6,66.7,24.96,11.3,77.4,40.3,2.47,13.2,341,0.98,340.02,84.64,72.25,12.71,1012.15,11.1,79.66,17.17,99.83,45.18,53.79,7.2,1.29,1.121,4.48,14.08,432.102,60.783,191.034,23.46,10.62,432.102,14.4,0.47,1840,255.435,98.42
RHS 180x60x5.0,180,60,5,7.5,5,160,22.7,846,144,990,61,25.2,66,30.57,13.71,94,48.1,3,16.37,411,1.88,409.12,104.28,86.33,12.49,1216.08,11.1,97.4,20.91,122.27,54.89,64,9,1.301,1.141,5.5,17.5,534.159,74.623,237.435,28.73,12.9,534.159,17.8,0.467,2270,205.727,96.04
RHS 180x60x5.6,180,60,5.6,9,5.6,157.6,25.3,932,157,1089,60.7,24.9,65.6,33.62,15.03,104,52.4,3.36,18.56,451,2.62,448.38,116.06,94.06,12.32,1327.05,11,107.67,22.99,134.48,60.17,69.55,10.08,1.293,1.148,6.09,19.53,592.129,82.665,265.016,31.6,14.14,592.129,19.9,0.466,2530,184.19,94.54
RHS 180x60x6.3,180,60,6.3,9.4,6.3,154.8,28.2,1030,171,1201,60.3,24.6,65.1,37.49,16.63,114,57,3.69,20.61,495,3.7,491.3,128.64,102.55,12.18,1451.28,11,119.11,25.44,149.97,66.59,75.48,11.34,1.316,1.168,6.77,21.89,663.264,91.802,296.946,35.24,15.65,663.264,22.1,0.464,2820,164.539,92.94
RHS 180x60x7.1,180,60,7.1,10.7,7.1,151.6,31.5,1130,186,1316,59.9,24.3,64.6,41.55,18.31,126,61.9,4.12,22.95,542,5.24,536.76,142.89,111.43,11.99,1579.11,11,131.68,28.03,166.2,73.28,81.59,12.78,1.319,1.184,7.51,24.55,740.709,101.918,333.112,39.06,17.22,740.709,24.7,0.462,3150,146.667,91.03
RHS 180x60x8.0,180,60,8,12,8,148,35.2,1240,201,1441,59.4,23.9,64,45.93,20.09,138,66.9,4.57,25.74,590,7.41,582.59,158.19,120.49,11.77,1707.47,10.9,145.09,30.79,183.72,80.35,87.62,14.4,1.331,1.201,8.32,27.52,826.007,112.884,373.384,43.17,18.88,826.007,27.6,0.459,3520,130.398,88.89
RHS 180x60x8.8,180,60,8.8,13.2,8.8,144.8,38.3,1330,212,1542,58.9,23.5,63.4,49.66,21.56,148,70.8,4.91,28.1,630,9.76,620.24,171.08,127.74,11.56,1807.84,10.8,156.33,33.07,198.64,86.23,92.25,15.84,1.342,1.218,9.01,30.13,900.205,122.262,408.812,46.68,20.26,900.205,30.1,0.457,3830,119.321,86.99
RHS 180x60x10.0,180,60,10,15,10,140,42.9,1460,228,1688,58.3,23,62.7,54.97,23.58,162,75.8,5.49,31.83,683,14.09,668.91,189.03,137.31,11.25,1934.22,10.7,171.97,36.2,219.88,94.36,98,18,1.357,1.245,10,34,1008.636,135.677,461.303,51.67,22.17,1008.636,33.7,0.454,4290,105.828,84.14
RHS 180x60x11.0,180,60,11,16.5,11,136,46.7,1550,238,1788,57.7,22.6,62,59.14,25.13,173,79.4,5.89,34.48,722,18.5,703.5,202.6,144.16,10.97,2017.5,10.6,183.84,38.56,236.55,100.51,101.73,19.8,1.367,1.266,10.78,37.18,1096.37,146.26,504.448,55.59,23.62,1096.37,36.7,0.452,4670,96.788,81.77
RHS 180x60x12.5,180,60,12.5,18.8,12.5,130,52.1,1680,251,1931,56.8,22,60.9,64.95,27.16,187,83.7,6.52,38.82,770,26.6,743.4,220.38,152.65,10.55,2105.38,10.4,199.58,41.62,259.81,108.68,105.63,22.5,1.389,1.298,11.87,41.87,1223.494,161.117,568.149,61.06,25.54,1223.494,40.9,0.448,5210,85.988,78.22
RHS 180x100x4.0,180,100,4,6,4,164,21.6,945,379,1324,66.1,41.9,78.3,32,21.29,105,75.9,5.39,12.96,852,1.15,850.85,64.26,127.15,12.54,1129.98,9.2,90.13,18.3,127.99,85.16,53.79,20,1.219,1.122,7.68,14.08,507.302,104.2,191.034,30.08,20.01,507.302,17,0.55,2160,254.63,168.82
RHS 180x100x5.0,180,100,5,7.5,5,160,26.7,1150,460,1610,65.7,41.5,77.7,39.32,26.09,128,92,6.68,16.03,1040,2.21,1037.79,80.06,154.06,12.44,1379.25,9.3,110.91,22.44,157.27,104.35,64,25,1.229,1.134,9.5,17.5,628.159,128.893,237.435,36.96,24.52,628.159,21,0.547,2670,204.869,166.04
RHS 180x100x5.6,180,100,5.6,9,5.6,157.6,29.8,1270,506,1776,65.4,41.2,77.3,43.39,28.76,141,101,7.5,18.11,1150,3.08,1146.92,89.88,169.31,12.37,1522.58,9.3,123.07,24.79,173.54,115.05,69.55,28,1.231,1.139,10.57,19.53,697.409,143.449,265.016,40.78,27.04,697.409,23.4,0.546,2980,183.221,164.3
RHS 180x100x6.3,180,100,6.3,9.4,6.3,154.8,33.3,1410,557,1967,65,40.9,76.8,48.44,32.02,156,111,8.31,20.25,1280,4.37,1275.63,100.38,186.4,12.29,1682.8,9.2,136.91,27.57,193.75,128.08,75.48,31.5,1.242,1.154,11.81,21.89,781.704,160.183,296.946,45.53,30.1,781.704,26.1,0.544,3330,163.363,162.42
RHS 180x100x7.1,180,100,7.1,10.7,7.1,151.6,37.2,1560,613,2173,64.7,40.6,76.4,53.83,35.5,173,123,9.32,22.79,1410,6.2,1403.8,112.72,204.89,12.19,1857.89,9.2,152.35,30.57,215.31,142,81.59,35.5,1.245,1.154,13.19,24.55,874.189,178.983,333.112,50.6,33.37,874.189,29.2,0.542,3720,145.699,160.19
RHS 180x100x8.0,180,100,8,12,8,148,41.6,1710,671,2381,64.2,40.2,75.7,59.69,39.2,190,134,10.39,25.3,1560,8.78,1551.22,126.43,224.45,12.08,2044.03,9.3,169.21,33.8,238.76,157.04,87.62,40,1.257,1.172,14.72,27.52,976.407,199.717,373.384,56.11,36.91,976.407,32.7,0.539,4160,129.567,157.69
RHS 180x100x8.8,180,100,8.8,13.2,8.8,144.8,45.4,1850,720,2570,63.8,39.8,75.2,64.73,42.41,205,144,11.35,27.91,1680,11.58,1668.42,138.44,240.78,11.97,2199.71,9.3,183.73,36.57,258.9,169.88,92.25,44,1.263,1.18,16.05,30.13,1065.645,217.778,408.812,60.84,39.92,1065.645,35.6,0.537,4540,118.282,155.47
RHS 180x100x10.0,180,100,10,15,10,140,50.9,2040,787,2827,63.2,39.3,74.4,71.97,46.99,226,157,12.74,31.56,1860,16.76,1843.24,156.09,263.5,11.8,2415.75,9.2,204.71,40.51,287.88,188.2,98,50,1.274,1.199,18,34,1196.636,244.219,461.303,67.65,44.23,1196.636,40,0.534,5090,104.912,152.14
RHS 180x100x11.0,180,100,11,16.5,11,136,55.5,2180,839,3019,62.7,38.9,73.8,77.73,50.6,243,168,13.91,34.32,2000,22.05,1977.95,170.42,280.86,11.65,2579.51,9.2,221.43,43.6,310.91,202.61,101.73,55,1.279,1.206,19.58,37.18,1303.17,265.656,504.448,73.06,47.61,1303.17,43.6,0.532,5550,95.856,149.37
RHS 180x100x12.5,180,100,12.5,18.8,12.5,130,62.1,2380,908,3288,62,38.2,72.8,85.89,55.7,265,182,15.59,38.63,2190,31.8,2158.2,191.15,304.38,11.41,2796.99,9.2,245.21,47.94,343.56,222.81,105.63,62.5,1.296,1.224,21.88,41.88,1458.494,296.794,568.149,80.74,52.36,1458.494,48.7,0.528,6210,85.024,145.22
RHS 180x100x14.2,180,100,14.2,21.3,14.2,123.2,69.3,2590,974,3564,61.1,37.5,71.7,94.13,60.92,288,195,17.4,43.74,2380,45.7,2334.3,213.38,327.6,11.11,3002,9.2,270.2,52.32,377.87,243.67,107.77,71,1.312,1.25,24.37,47.09,1628.035,330.608,638.866,88.8,57.26,1628.035,54.4,0.523,6930,75.469,140.53
RHS 200x100x4.0,200,100,4,6,4,184,23.2,1220,416,1636,72.6,42.4,84.1,37.59,23.21,122,83.2,5.16,14.46,983,1.23,981.77,101.48,141.9,16.19,2037.86,11.2,125.85,25.92,150.38,92.84,67.71,20,1.233,1.116,7.68,15.68,544.902,104.2,212.742,35.34,21.82,544.902,18.2,0.59,2320,254.31,188.02
RHS 200x100x5.0,200,100,5,7.5,5,180,28.7,1500,505,2005,72.1,41.9,83.4,46.25,28.46,149,101,6.38,18.2,1200,2.38,1197.62,126.3,172.11,16.05,2488.59,11.1,155.02,31.83,185,113.85,81,25,1.242,1.127,9.5,19.5,675.159,128.893,264.571,43.48,26.75,675.159,22.5,0.587,2870,204.53,185.04
RHS 200x100x5.6,200,100,5.6,9,5.6,177.6,32,1650,556,2206,71.8,41.7,83,51.09,31.4,165,111,7.17,20.36,1330,3.32,1326.68,141.67,189.27,15.96,2747.87,11.2,172.17,35.2,204.34,125.62,88.32,28,1.238,1.132,10.57,21.77,750.049,143.449,295.407,48.02,29.52,750.049,25.1,0.586,3200,183.125,183.18
RHS 200x100x6.3,200,100,6.3,9.4,6.3,174.8,35.8,1830,613,2443,71.5,41.4,82.6,57.07,34.97,183,123,7.96,22.67,1480,4.7,1475.3,158.18,208.54,15.86,3038.42,11.2,191.61,39.17,228.27,139.88,96.25,31.5,1.247,1.137,11.81,24.41,840.924,160.183,331.137,53.64,32.87,840.924,28.1,0.584,3580,163.128,181.16
RHS 200x100x7.1,200,100,7.1,10.7,7.1,171.6,40,2020,674,2694,71.1,41,82.1,63.48,38.8,202,135,8.89,25.33,1630,6.67,1623.33,177.49,229.41,15.73,3356.21,11.2,213.36,43.49,253.93,155.19,104.54,35.5,1.257,1.15,13.19,27.39,940.929,178.983,371.645,59.67,36.47,940.929,31.4,0.582,4000,145.5,178.77
RHS 200x100x8.0,200,100,8,12,8,168,44.8,2230,739,2969,70.6,40.6,81.4,70.48,42.88,223,148,9.93,28.44,1800,9.46,1790.54,198.92,251.56,15.58,3694.74,11.2,237.14,48.14,281.91,171.76,112.9,40,1.264,1.161,14.72,30.72,1051.607,199.717,416.801,66.25,40.36,1051.607,35.2,0.579,4480,129.241,176.09
RHS 200x100x8.8,200,100,8.8,13.2,8.8,164.8,48.9,2410,793,3203,70.2,40.3,80.9,76.5,46.43,241,159,10.83,31.22,1950,12.49,1937.51,217.67,270.09,15.44,3978.59,11.1,257.66,52.14,306.01,185.93,119.5,44,1.27,1.169,16.05,33.65,1148.365,217.778,456.57,71.91,43.69,1148.365,38.4,0.577,4890,117.996,173.71
RHS 200x100x10.0,200,100,10,15,10,160,54.9,2660,869,3529,69.6,39.8,80.2,85.2,51.49,266,174,12.18,35.22,2160,18.09,2141.91,245.21,295.95,15.22,4373.91,11.1,287.33,57.86,340.8,206.2,128,50,1.281,1.185,18,38,1290.636,244.219,515.574,80.09,48.46,1290.636,43.1,0.574,5490,104.554,170.14
RHS 200x100x11.0,200,100,11,16.5,11,156,59.9,2860,926,3786,69.1,39.3,79.5,92.14,55.5,286,185,13.25,38.63,2320,23.83,2296.17,267.55,315.79,15.03,4675.11,11.1,311.02,62.37,368.56,222.19,133.85,55,1.289,1.201,19.58,41.58,1406.57,265.656,564.146,86.61,52.22,1406.57,47,0.572,5990,95.492,167.17
RHS 200x100x12.5,200,100,12.5,18.8,12.5,150,67.1,3140,1000,4140,68.4,38.7,78.6,102.03,61.17,314,201,14.73,43.75,2540,34.41,2505.59,299.87,342.78,14.73,5078.2,11.1,344.76,68.72,408.13,244.69,140.63,62.5,1.3,1.217,21.87,46.87,1575.994,296.794,635.987,95.91,57.5,1575.994,52.7,0.568,6710,84.65,162.72
RHS 200x100x14.2,200,100,14.2,21.3,14.2,143.2,75,3420,1080,4500,67.5,38,77.5,112.5,67.01,342,216,16.59,49.26,2770,49.51,2720.49,334.51,369.6,14.37,5463.6,11,380.32,75.24,449.99,268.03,145.59,71,1.316,1.241,24.37,52.77,1761.515,330.608,715.931,105.75,62.99,1761.515,58.9,0.563,7500,75.067,157.69
RHS 200x100x16.0,200,100,16,24,16,136,83,3680,1150,4830,66.6,37.2,76.3,122.27,72.53,368,229,18.46,54.97,2980,69.43,2910.57,368.57,393.92,13.96,5788.24,10.9,414.64,81.3,490.91,290.32,147.97,80,1.334,1.268,26.88,58.88,1950.428,364.701,798.868,115.36,68.23,1950.428,65.2,0.559,8300,67.349,152.36
RHS 200x120x5.0,200,120,5,7.5,5,180,30.7,1680,762,2442,74,49.8,89.2,51.13,35.9,168,127,8.32,17.71,1650,2.55,1647.45,95.26,210.05,14.67,2185.69,9.5,148.99,29.93,204.5,143.58,81,36,1.217,1.131,11.5,19.5,722.159,156.029,264.571,48.06,33.74,722.159,24.1,0.627,3070,204.235,224.04
RHS 200x120x5.6,200,120,5.6,9,5.6,177.6,34.2,1860,841,2701,73.8,49.5,88.9,56.53,39.66,186,140,9.36,20.01,1830,3.55,1826.45,107.06,231.48,14.63,2420.09,9.5,165.46,33.11,226.11,158.66,88.32,40.32,1.216,1.133,12.81,21.77,802.689,173.841,295.407,53.14,37.28,802.689,26.8,0.626,3420,183.041,222.06
RHS 200x120x6.3,200,120,6.3,9.4,6.3,174.8,38.3,2060,929,2989,73.4,49.2,88.4,63.17,44.23,207,155,10.39,22.21,2030,5.03,2024.97,119.72,255.64,14.55,2682.39,9.5,184.37,36.88,252.68,176.93,96.25,45.36,1.221,1.141,14.33,24.41,900.144,194.374,331.137,59.38,41.58,900.144,30.1,0.624,3830,162.924,219.9
RHS 200x120x7.1,200,120,7.1,10.7,7.1,171.6,42.9,2290,1020,3310,73,48.9,87.9,70.33,49.16,229,171,11.52,25.11,2250,7.15,2242.85,134.65,282.01,14.47,2972.91,9.5,205.49,40.99,281.32,196.65,104.54,51.12,1.228,1.15,16.03,27.39,1007.669,217.515,371.645,66.11,46.21,1007.669,33.7,0.622,4290,144.988,217.35
RHS 200x120x8.0,200,120,8,12,8,168,48,2530,1130,3660,72.6,48.5,87.3,78.16,54.53,253,188,13.06,28.18,2500,10.14,2489.86,151.32,310.21,14.37,3285.73,9.5,228.67,45.46,312.63,218.11,112.9,57.6,1.236,1.16,17.92,30.72,1126.807,243.134,416.801,73.47,51.26,1126.807,37.7,0.619,4800,128.958,214.49
RHS 200x120x8.8,200,120,8.8,13.2,8.8,164.8,52.4,2730,1220,3950,72.2,48.2,86.8,84.92,59.14,273,203,14.35,30.78,2700,13.39,2686.61,166.02,334,14.28,3551.17,9.5,248.75,49.3,339.66,236.56,119.5,63.36,1.244,1.165,19.57,33.65,1231.085,265.537,456.57,79.82,55.59,1231.085,41.1,0.617,5240,117.748,211.95
RHS 200x120x10.0,200,120,10,15,10,160,58.9,3030,1340,4370,71.7,47.6,86.1,94.7,65.68,303,223,16.1,34.99,3000,19.43,2980.57,187.82,367.54,14.13,3926.7,9.5,277.97,54.78,378.8,263.12,128,72,1.25,1.18,22,38,1384.636,298.49,515.574,89.02,61.83,1384.636,46.2,0.614,5890,104.244,208.14
RHS 200x120x11.0,200,120,11,16.5,11,156,64.3,3260,1430,4690,71.2,47.2,85.4,102.54,70.96,326,239,17.46,38.32,3240,25.6,3214.4,205.69,393.58,13.99,4218.56,9.5,301.48,59.16,410.14,284.25,133.85,79.2,1.258,1.189,23.98,41.58,1509.97,325.354,564.146,96.38,66.8,1509.97,50.5,0.612,6430,95.179,204.97
RHS 200x120x12.5,200,120,12.5,18.8,12.5,150,72.1,3580,1560,5140,70.4,46.6,84.4,113.75,78.47,358,260,19.62,43.22,3570,37.01,3532.99,231.92,429.56,13.78,4619.73,9.5,335.32,65.35,455,314.25,140.63,90,1.271,1.209,26.87,46.87,1693.494,364.633,635.987,106.93,73.85,1693.494,56.6,0.608,7210,84.327,200.22
RHS 200x120x14.2,200,120,14.2,21.3,14.2,143.2,80.7,3910,1690,5600,69.6,45.8,83.3,125.69,86.37,391,282,21.99,48.69,3920,53.33,3866.67,260.65,466.07,13.51,5020.21,9.5,371.57,71.83,502.75,345.83,145.59,102.24,1.286,1.226,30.05,52.77,1894.995,407.672,715.931,118.15,81.27,1894.995,63.3,0.603,8070,74.721,194.85
RHS 200x120x16.0,200,120,16,24,16,136,89.4,4220,1810,6030,68.7,45,82.1,136.99,94.13,422,302,24.44,54.34,4250,74.89,4175.11,289.71,500.12,13.2,5380.23,9.4,407.45,78.05,549.79,376.52,147.97,115.2,1.303,1.247,33.28,58.88,2100.828,451.534,798.868,129.2,88.48,2100.828,70.2,0.599,8940,67.002,189.16
RHS 200x150x5.0,200,150,5,7.5,5,180,33.7,1970,1260,3230,76.4,61.2,97.9,58.44,47.98,197,169,11.24,17.33,2390,2.8,2387.2,44.38,267,10.82,1242.06,6.2,114.76,22.53,233.75,191.93,81,56.25,1.187,1.136,14.5,19.5,792.659,196.732,264.571,54.93,45.1,792.659,26.5,0.687,3370,203.858,282.54
RHS 200x150x5.6,200,150,5.6,9,5.6,177.6,37.6,2180,1400,3580,76.1,61,97.5,64.69,53.1,218,186,12.77,19.5,2650,3.9,2646.1,50.07,294.85,10.86,1380.58,6.2,127.17,24.91,258.77,212.41,88.32,63,1.187,1.142,16.17,21.77,881.649,219.428,295.407,60.81,49.92,881.649,29.5,0.686,3760,182.447,280.38
RHS 200x150x6.3,200,150,6.3,9.4,6.3,174.8,42.1,2420,1550,3970,75.8,60.7,97.1,72.32,59.3,242,207,14.19,21.72,2950,5.53,2944.47,56.06,326.39,10.81,1533.81,6.2,141.85,27.78,289.29,237.22,96.25,70.88,1.195,1.146,18.11,24.41,988.974,245.66,331.137,67.98,55.75,988.974,33,0.684,4210,162.47,278.01
RHS 200x150x7.1,200,150,7.1,10.7,7.1,171.6,47.1,2680,1720,4400,75.5,60.3,96.6,80.6,66.04,268,229,15.99,24.32,3280,7.87,3272.13,63.28,361.04,10.8,1706.87,6.2,158.05,30.87,322.41,264.16,104.54,79.88,1.203,1.154,20.29,27.39,1107.779,275.314,371.645,75.77,62.08,1107.779,37,0.682,4710,144.798,275.22
RHS 200x150x8.0,200,150,8,12,8,168,52.8,2970,1890,4860,75,59.9,96,89.68,73.41,297,253,17.74,27.37,3640,11.17,3628.83,71.43,398.37,10.78,1895.54,6.2,175.88,34.24,358.71,293.64,112.9,90,1.208,1.161,22.72,30.72,1239.607,308.259,416.801,84.3,69,1239.607,41.4,0.679,5280,128.598,272.09
RHS 200x150x8.8,200,150,8.8,13.2,8.8,164.8,57.7,3220,2050,5270,74.7,59.6,95.6,97.53,79.77,322,273,19.57,30.11,3960,14.76,3945.24,78.68,430.1,10.75,2057.79,6.2,191.36,37.13,390.14,319.1,119.5,99,1.212,1.169,24.85,33.65,1355.165,337.174,456.57,91.68,74.99,1355.165,45.3,0.677,5770,117.331,269.31
RHS 200x150x10.0,200,150,10,15,10,160,64.9,3570,2260,5830,74.1,59.1,94.8,108.95,89,357,302,21.95,34.02,4410,21.43,4388.57,89.57,475.26,10.71,2291.29,6.3,213.97,41.3,435.8,356,128,112.5,1.221,1.179,28,38,1525.636,379.896,515.574,102.41,83.66,1525.636,50.9,0.674,6490,103.852,265.14
RHS 200x150x11.0,200,150,11,16.5,11,156,70.9,3840,2440,6280,73.7,58.6,94.2,118.13,96.39,385,325,24.2,37.12,4770,28.27,4741.73,98.63,510.71,10.66,2476.56,6.3,232.27,44.73,472.51,385.58,133.85,123.75,1.227,1.186,30.58,41.58,1665.07,414.901,564.146,111.04,90.61,1665.07,55.7,0.672,7090,94.781,261.67
RHS 200x150x12.5,200,150,12.5,18.8,12.5,150,79.6,4240,2670,6910,73,58,93.2,131.33,106.8,424,356,27.1,42.11,5290,40.92,5249.08,112.18,560.35,10.58,2737.99,6.3,258.84,49.95,525.32,427.97,140.63,140.63,1.239,1.202,34.37,46.87,1869.744,466.391,635.987,123.45,100.57,1869.744,62.5,0.668,7960,83.92,256.47
RHS 200x150x14.2,200,150,14.2,21.3,14.2,143.2,89.2,4640,2920,7560,72.2,57.2,92.1,145.48,118.1,464,389,30.58,47.34,5830,59.06,5770.94,127.36,611.68,10.46,3009.34,6.3,287.67,55.57,581.91,473.18,145.59,159.75,1.254,1.216,38.57,52.77,2095.215,523.269,715.931,136.75,111.2,2095.215,70,0.663,8920,74.327,250.59
RHS 200x150x16.0,200,150,16,24,16,136,99,5040,3150,8190,71.3,56.4,90.9,159.07,129.27,504,420,34.04,53.15,6370,83.08,6286.92,143.12,660.65,10.31,3266.34,6.3,316.73,61.07,638.11,517.82,147.97,180,1.266,1.233,42.88,58.88,2326.428,581.784,798.868,149.96,121.69,2326.428,77.7,0.659,9900,66.566,244.36
RHS 220x120x7.1,220,120,7.1,10.7,7.1,191.6,45.7,2900,1120,4020,79.6,49.4,93.7,81.4,53.17,263,186,11.28,27.99,2570,7.63,2562.37,212.87,312.18,18.61,5302.79,11.5,285,57.63,325.62,212.68,130.32,51.12,1.238,1.143,16.03,30.23,1074.409,217.515,410.177,76.52,49.98,1074.409,35.9,0.662,4570,144.858,239.93
RHS 220x120x8.0,220,120,8,12,8,188,51.2,3200,1230,4430,79.1,49,93,90.54,59.01,291,205,12.56,31.25,2850,10.82,2839.18,239.05,343.66,18.47,5863,11.5,317.39,63.98,362.18,236.03,141.38,57.6,1.245,1.151,17.92,33.92,1202.007,243.134,460.217,85.11,55.47,1202.007,40.2,0.659,5120,128.711,236.89
RHS 220x120x8.8,220,120,8.8,13.2,8.8,184.8,55.9,3470,1320,4790,78.7,48.7,92.5,98.45,64.03,315,221,13.61,34.4,3090,14.3,3075.7,262.1,370.28,18.35,6339.01,11.5,345.48,69.45,393.81,256.13,150.26,63.36,1.25,1.159,19.57,37.17,1313.805,265.537,504.329,92.54,60.19,1313.805,43.9,0.657,5590,117.531,234.19
RHS 220x120x10.0,220,120,10,15,10,180,62.9,3840,1460,5300,78.2,48.1,91.8,109.93,71.18,349,243,15.45,38.75,3430,20.76,3409.24,296.23,407.89,18.15,7013.81,11.5,386.39,77.28,439.72,285.12,162,72,1.26,1.173,22,42,1478.636,298.49,569.845,103.34,67,1478.636,49.4,0.654,6290,103.975,230.14
RHS 220x120x11.0,220,120,11,16.5,11,176,68.7,4140,1560,5700,77.7,47.7,91.2,119.15,76.96,376,261,16.77,42.51,3700,27.38,3672.62,324.19,437.18,17.98,7539.72,11.5,419.36,83.56,476.6,308.23,170.37,79.2,1.268,1.181,23.98,45.98,1613.37,325.354,623.844,112,72.43,1613.37,53.9,0.652,6870,94.905,226.77
RHS 220x120x12.5,220,120,12.5,18.8,12.5,170,77.1,4560,1710,6270,76.9,47.1,90.2,132.39,85.19,415,285,18.97,48.03,4090,39.62,4050.38,365.19,477.77,17.7,8265.59,11.5,466.87,92.49,529.57,341.12,180.63,90,1.276,1.197,26.87,51.87,1810.994,364.633,703.826,124.45,80.16,1810.994,60.5,0.648,7710,84.047,221.72
RHS 220x120x14.2,220,120,14.2,21.3,14.2,163.2,86.3,5000,1850,6850,76.1,46.3,89.1,146.56,93.88,454,309,21.13,54.27,4490,57.15,4432.85,410.07,519.16,17.37,8995.43,11.5,517.84,101.88,586.23,375.88,189.1,102.24,1.291,1.216,30.05,58.45,2028.475,407.672,792.996,137.76,88.33,2028.475,67.7,0.643,8630,74.508,216.01
RHS 220x120x16.0,220,120,16,24,16,156,95.8,5410,1990,7400,75.2,45.5,87.9,160.6,102.45,492,331,23.6,60.5,4870,80.35,4789.65,455.44,557.98,16.99,9659.05,11.4,568.4,111.04,642.38,409.8,194.69,115.2,1.306,1.238,33.28,65.28,2251.228,451.534,885.701,150.96,96.3,2251.228,75.2,0.639,9580,66.701,209.96
RHS 250x100x5.0,250,100,5,7.5,5,230,33.7,2610,618,3228,88,42.8,97.9,65.77,34.4,209,124,5.75,22.91,1620,2.8,1617.2,284.49,217.26,25.68,7527.37,15.3,293.11,62.03,263.08,137.6,132.25,25,1.259,1.11,9.5,24.5,792.659,128.893,332.409,61.82,32.34,792.659,26.5,0.687,3370,203.858,232.54
RHS 250x100x5.6,250,100,5.6,9,5.6,227.6,37.6,2890,681,3571,87.7,42.5,97.5,72.78,38.01,231,136,6.44,25.84,1790,3.9,1786.1,318.53,239.2,25.52,8316.23,15.3,325.88,68.71,291.13,152.05,145.04,28,1.26,1.118,10.57,27.37,881.649,143.449,371.387,68.42,35.73,881.649,29.5,0.686,3760,182.447,230.38
RHS 250x100x6.3,250,100,6.3,9.4,6.3,224.8,42.1,3210,751,3961,87.3,42.2,97,81.4,42.35,257,150,7.15,28.76,1980,5.53,1974.47,355.44,263.88,25.36,9202.63,15.2,362.92,76.52,325.61,169.4,159.19,31.5,1.267,1.129,11.81,30.71,988.974,160.183,416.613,76.52,39.81,988.974,33,0.684,4210,162.47,228.01
RHS 250x100x7.1,250,100,7.1,10.7,7.1,221.6,47.1,3560,827,4387,86.9,41.9,96.5,90.72,47.04,285,165,7.98,32.28,2200,7.87,2192.13,398.32,290.74,25.15,10174.45,15.2,404.55,85.1,362.9,188.17,174.33,35.5,1.273,1.14,13.19,34.49,1107.779,178.983,467.975,85.28,44.22,1107.779,37,0.682,4710,144.798,225.22
RHS 250x100x8.0,250,100,8,12,8,218,52.8,3940,909,4849,86.4,41.5,95.8,100.95,52.08,315,182,8.92,36.22,2430,11.17,2418.83,445.8,319.35,24.91,11213.46,15.2,450.14,94.4,403.78,208.56,190.1,40,1.282,1.146,14.72,38.72,1239.607,199.717,525.343,94.89,49.01,1239.607,41.4,0.679,5280,128.598,222.09
RHS 250x100x8.8,250,100,8.8,13.2,8.8,214.8,57.7,4270,977,5247,86,41.2,95.4,109.79,56.46,341,195,9.72,39.79,2630,14.76,2615.24,487.24,343.4,24.69,12088.45,15.2,489.57,102.43,439.18,226.06,203.01,44,1.288,1.159,16.05,42.45,1355.165,217.778,575.966,103.21,53.12,1355.165,45.3,0.677,5770,117.331,219.31
RHS 250x100x10.0,250,100,10,15,10,210,64.9,4730,1070,5800,85.4,40.6,94.6,122.65,62.74,379,214,10.86,44.85,2910,21.43,2888.57,547.97,377.13,24.35,13314.6,15.2,546.71,113.97,490.6,251.2,220.5,50,1.294,1.174,18,48,1525.636,244.219,651.251,115.29,59.03,1525.636,50.9,0.674,6490,103.852,215.14
RHS 250x100x11.0,250,100,11,16.5,11,206,70.9,5100,1140,6240,84.9,40.2,93.9,132.99,67.73,408,229,11.75,49.15,3130,28.27,3101.73,597.14,403.17,24.06,14256.76,15.1,592.49,123.15,531.95,271.14,233.4,55,1.304,1.184,19.58,52.58,1665.07,265.656,713.391,125.01,63.72,1665.07,55.7,0.672,7090,94.781,211.67
RHS 250x100x12.5,250,100,12.5,18.8,12.5,200,79.6,5620,1240,6860,84.1,39.6,93,147.85,74.84,450,249,13.16,55.49,3440,40.92,3399.08,668.22,438.88,23.61,15533.38,15,657.93,136.18,591.41,299.37,250,62.5,1.314,1.202,21.88,59.38,1869.744,296.794,805.584,138.98,70.35,1869.744,62.5,0.668,7960,83.92,206.47
RHS 250x100x14.2,250,100,14.2,21.3,14.2,193.2,89.2,6160,1340,7500,83.1,38.8,91.7,163.78,82.24,493,269,14.71,62.52,3750,59.06,3690.94,744.4,474.75,23.07,16781.01,15,727.28,149.74,655.13,328.95,265.02,71,1.329,1.223,24.37,66.97,2095.215,330.608,908.593,153.96,77.3,2095.215,70,0.663,8920,74.327,200.59
RHS 250x100x16.0,250,100,16,24,16,186,99,6690,1430,8120,82.2,38,90.6,179.6,89.33,535,287,16.28,70.07,4050,83.08,3966.92,819.41,507.75,22.48,17870.71,14.8,794.96,162.7,718.4,357.52,276.77,80,1.343,1.246,26.88,74.88,2326.428,364.701,1015.952,168.82,84.02,2326.428,77.7,0.659,9900,66.566,194.36
RHS 250x150x5.0,250,150,5,7.5,5,230,38.7,3360,1530,4890,93.1,62.8,112.3,81.08,57.04,269,204,10.52,22.35,3280,3.21,3276.79,186.43,337.07,23.05,6802.35,11.8,295.07,59.46,324.33,228.18,132.25,56.25,1.206,1.119,14.5,24.5,910.159,196.732,332.409,76.22,53.62,910.159,30.4,0.787,3870,203.359,355.04
RHS 250x150x5.6,250,150,5.6,9,5.6,227.6,43.2,3730,1690,5420,92.9,62.5,112,89.89,63.21,298,225,11.77,25.23,3640,4.49,3635.51,209.46,372.68,23.01,7552.82,11.8,328.22,65.94,359.57,252.84,145.04,63,1.207,1.124,16.17,27.37,1013.249,219.428,371.387,84.5,59.42,1013.249,33.9,0.786,4320,181.944,352.58
RHS 250x150x6.3,250,150,6.3,9.4,6.3,224.8,48.4,4140,1870,6010,92.5,62.2,111.5,100.59,70.62,331,250,13.05,28.01,4050,6.37,4043.63,234.47,413.1,22.92,8397.76,11.8,366.44,73.61,402.37,282.48,159.19,70.88,1.216,1.13,18.11,30.71,1137.024,245.66,416.613,94.56,66.38,1137.024,38,0.784,4840,161.983,349.86
RHS 250x150x7.1,250,150,7.1,10.7,7.1,221.6,54.2,4610,2080,6690,92.2,61.9,111.1,112.28,78.72,368,277,14.74,31.58,4520,9.06,4510.94,263.89,457.67,22.83,9343.24,11.8,409.32,82.06,449.13,314.89,174.33,79.88,1.22,1.137,20.29,34.49,1274.629,275.314,467.975,105.55,74,1274.629,42.5,0.782,5420,144.28,346.67
RHS 250x150x8.0,250,150,8,12,8,218,60.8,5110,2300,7410,91.7,61.5,110.4,125.15,87.61,409,306,16.51,35.4,5020,12.87,5007.13,296.85,505.87,22.72,10373.46,11.8,456.62,91.32,500.58,350.44,190.1,90,1.224,1.145,22.72,38.72,1427.607,308.259,525.343,117.64,82.35,1427.607,47.7,0.779,6080,128.125,343.09
RHS 250x150x8.8,250,150,8.8,13.2,8.8,214.8,66.5,5550,2490,8040,91.3,61.2,109.9,136.33,95.31,444,331,18.1,38.91,5460,17.03,5442.97,326.01,547.03,22.62,11259.17,11.8,497.85,99.34,545.3,381.23,203.01,99,1.228,1.152,24.85,42.45,1561.965,337.174,575.966,128.15,89.59,1561.965,52.2,0.777,6650,116.842,339.91
RHS 250x150x10.0,250,150,10,15,10,210,74.9,6170,2760,8930,90.8,60.6,109.2,152.65,106.5,494,367,20.43,43.93,6090,24.76,6065.24,369.44,605.87,22.45,12534.07,11.8,558.26,110.99,610.6,426,220.5,112.5,1.236,1.161,28,48,1760.636,379.896,651.251,143.49,100.11,1760.636,58.8,0.774,7490,103.338,335.14
RHS 250x150x11.0,250,150,11,16.5,11,206,81.9,6670,2970,9640,90.3,60.2,108.5,165.85,115.51,534,396,22.3,48.16,6600,32.7,6567.3,405.33,652.35,22.31,13546.64,11.9,607.3,120.36,663.4,462.03,233.4,123.75,1.242,1.167,30.58,52.58,1923.57,414.901,713.391,155.9,108.58,1923.57,64.3,0.772,8190,94.261,331.17
RHS 250x150x12.5,250,150,12.5,18.8,12.5,200,92.1,7390,3260,10650,89.6,59.6,107.6,184.96,128.28,591,435,24.98,54.56,7330,47.43,7282.57,458.53,717.84,22.07,14979.17,11.9,678.64,133.74,739.85,513.91,250,140.63,1.252,1.181,34.37,59.38,2163.494,466.391,805.584,173.86,120.77,2163.494,72.3,0.768,9210,83.388,325.22
RHS 250x150x14.2,250,150,14.2,21.3,14.2,193.2,103,8140,3580,11720,88.7,58.8,106.4,205.64,142.21,651,477,28.25,61.54,8100,68.6,8031.4,517.7,786.22,21.79,16475.2,11.9,756.26,148.15,822.55,569.6,265.02,159.75,1.264,1.194,38.57,66.97,2428.915,523.269,908.593,193.3,133.86,2428.915,80.9,0.763,10300,74.078,318.49
RHS 250x150x16.0,250,150,16,24,16,186,115,8880,3870,12750,87.9,58,105.3,226.4,156.07,710,516,31.35,68.92,8870,96.73,8773.27,578.8,852.19,21.46,17908.54,11.9,834.68,162.44,905.6,625.02,276.77,180,1.275,1.211,42.88,74.88,2702.428,581.784,1015.952,212.82,146.88,2702.428,90.3,0.759,11500,66,311.36
RHS 260x140x5.0,260,140,5,7.5,5,240,38.7,3530,1350,4880,95.5,59.1,112.3,82.8,53.95,272,193,9.3,23.46,3080,3.21,3076.79,254.34,326.11,26.68,9192.8,13.7,344.59,70.35,331.19,215.81,144,49,1.218,1.118,13.5,25.5,910.159,183.164,345.977,77.83,50.72,910.159,30.4,0.787,3870,203.359,344.04
RHS 260x140x5.6,260,140,5.6,9,5.6,237.6,43.2,3920,1500,5420,95.2,58.9,111.9,91.79,59.77,301,214,10.53,26.5,3420,4.49,3415.51,285.57,360.42,26.6,10199.8,13.7,383.49,78.1,367.16,239.09,158.07,54.88,1.22,1.117,15.05,28.49,1013.249,204.232,386.583,86.28,56.19,1013.249,33.9,0.786,4320,181.944,341.58
RHS 260x140x6.3,260,140,6.3,9.4,6.3,234.8,48.4,4360,1660,6020,94.9,58.6,111.5,102.72,66.76,335,237,11.69,29.54,3800,6.37,3793.63,319.52,399.32,26.48,11334.89,13.7,428.06,87.17,410.89,267.03,173.66,61.74,1.227,1.127,16.85,31.97,1137.024,228.565,433.709,96.56,62.75,1137.024,38,0.784,4840,161.983,338.86
RHS 260x140x7.1,260,140,7.1,10.7,7.1,231.6,54.2,4840,1840,6680,94.5,58.2,111,114.66,74.39,372,263,13.12,33.1,4230,9.06,4220.94,359.32,442.16,26.35,12601.03,13.7,478.2,97.18,458.65,297.56,190.42,69.58,1.233,1.131,18.87,35.91,1274.629,256.048,487.242,107.78,69.93,1274.629,42.5,0.782,5420,144.28,335.67
RHS 260x140x8.0,260,140,8,12,8,228,60.8,5370,2030,7400,94,57.8,110.3,127.8,82.76,413,290,14.64,37.17,4700,12.87,4687.13,403.81,488.43,26.2,13977.52,13.7,533.51,108.15,511.2,331.02,207.94,78.4,1.238,1.141,21.12,40.32,1427.607,286.55,547.051,120.13,77.79,1427.607,47.7,0.779,6080,128.125,332.09
RHS 260x140x8.8,260,140,8.8,13.2,8.8,224.8,66.5,5830,2200,8030,93.7,57.5,109.9,139.22,89.99,449,314,16.1,40.82,5110,17.03,5092.97,443.07,527.88,26.06,15158.07,13.7,581.69,117.66,556.87,359.98,222.35,86.24,1.24,1.146,23.09,44.21,1561.965,313.295,599.846,130.86,84.6,1561.965,52.2,0.777,6650,116.842,328.91
RHS 260x140x10.0,260,140,10,15,10,220,74.9,6490,2430,8920,93.1,57,109.2,155.89,100.51,499,347,18.07,46.2,5700,24.76,5675.24,501.41,584.17,25.84,16852.21,13.7,652.24,131.47,623.57,402.04,242,98,1.25,1.159,26,50,1760.636,352.761,678.387,146.54,94.48,1760.636,58.8,0.774,7490,103.338,324.14
RHS 260x140x11.0,260,140,11,16.5,11,216,81.9,7020,2620,9640,92.6,56.5,108.5,169.37,108.8,540,374,19.83,50.7,6170,32.7,6137.3,549.48,628.54,25.64,18192.9,13.7,709.45,142.47,677.49,435.84,256.61,107.8,1.255,1.165,28.38,54.78,1923.57,385.052,743.24,159.21,102.42,1923.57,64.3,0.772,8190,94.261,320.17
RHS 260x140x12.5,260,140,12.5,18.8,12.5,210,92.1,7770,2880,10650,91.8,55.9,107.5,188.89,120.95,597,411,22.31,57.32,6840,47.43,6792.57,620.41,690.91,25.34,20081.17,13.7,792.54,158.42,755.57,484.44,275.63,122.5,1.266,1.179,31.87,61.87,2163.494,432.471,839.503,177.56,113.84,2163.494,72.3,0.768,9210,83.388,314.22
RHS 260x140x14.2,260,140,14.2,21.3,14.2,203.2,103,8560,3140,11700,91,55.2,106.4,210.01,133.97,658,449,24.91,64.66,7560,68.6,7491.4,698.93,755.8,24.97,22040.52,13.7,882.73,175.48,840.04,536.49,293.16,139.16,1.277,1.195,35.73,69.81,2428.915,484.737,947.125,197.41,126.08,2428.915,80.9,0.763,10300,74.078,307.49
RHS 260x140x16.0,260,140,16,24,16,196,115,9340,3400,12740,90.1,54.4,105.2,231.21,146.9,718,486,27.8,72.44,8260,96.73,8163.27,779.53,818.14,24.55,23902.59,13.7,973.55,192.36,924.86,588.16,307.33,156.8,1.288,1.21,39.68,78.08,2702.428,538.368,1059.368,217.34,138.22,2702.428,90.3,0.759,11500,66,300.36
RHS 260x180x8.0,260,180,8,12,8,228,67.2,6390,3610,10000,97.5,73.3,122,147.96,114.73,492,401,21.01,36.28,7220,14.24,7205.76,222.43,644.32,21.08,9588.63,9.8,454.76,89.65,591.84,458.92,207.94,129.6,1.203,1.144,27.52,40.32,1578.007,373.384,547.051,139.08,107.85,1578.007,52.8,0.859,6720,127.827,432.89
RHS 260x180x8.8,260,180,8.8,13.2,8.8,224.8,73.5,6940,3910,10850,97.2,73,121.6,161.32,124.99,534,435,22.97,39.79,7860,18.85,7841.15,244.66,698.18,21.04,10433.24,9.8,495.97,97.59,645.29,499.95,222.35,142.56,1.208,1.149,30.13,44.21,1727.405,408.812,599.846,151.64,117.49,1727.405,57.7,0.857,7350,116.599,429.39
RHS 260x180x10.0,260,180,10,15,10,220,82.9,7740,4350,12090,96.6,72.4,120.7,180.89,139.97,595,483,25.98,45.06,8800,27.43,8772.57,277.97,775.69,20.95,11659.96,9.8,556.49,109.15,723.57,559.88,242,162,1.216,1.159,34,50,1948.636,461.303,678.387,170.04,131.57,1948.636,65.1,0.854,8290,103.016,424.14
RHS 260x180x11.0,260,180,11,16.5,11,216,90.7,8380,4700,13080,96.2,72,120.2,196.76,152.09,645,522,28.45,49.41,9550,36.25,9513.75,305.67,837.36,20.87,12644.81,9.8,605.77,118.47,787.05,608.35,256.61,178.2,1.22,1.165,37.18,54.78,2130.37,504.448,743.24,184.96,142.96,2130.37,71.2,0.852,9070,93.936,419.77
RHS 260x180x12.5,260,180,12.5,18.8,12.5,210,102,9300,5200,14500,95.4,71.3,119.1,219.83,169.64,715,577,32.15,55.91,10600,52.64,10547.36,347.05,925.06,20.74,14057.08,9.8,677.76,131.92,879.32,678.56,275.63,202.5,1.23,1.176,41.87,61.88,2398.494,568.149,839.503,206.64,159.46,2398.494,80.1,0.848,10200,83.137,413.22
RHS 260x180x14.2,260,180,14.2,21.3,14.2,203.2,115,10300,5720,16020,94.6,70.6,118,244.91,188.31,791,635,36.19,63.43,11800,76.24,11723.76,393.61,1017.73,20.57,15561.09,9.9,756.61,146.32,979.65,754.57,293.16,230.04,1.238,1.188,47.09,69.81,2695.875,638.866,947.125,230.22,177.32,2695.875,90.3,0.843,11500,73.304,405.81
RHS 260x180x16.0,260,180,16,24,16,196,128,11200,6230,17430,93.8,69.8,116.9,270.25,207.41,865,692,40.4,70.2,13000,107.66,12892.34,442.32,1108.41,20.36,17038.55,9.9,836.95,160.8,1081.02,830.95,307.33,259.2,1.25,1.201,52.48,78.08,3003.228,712.035,1059.368,254.04,195.27,3003.228,100.5,0.839,12800,65.547,397.96
RHS 300x100x5.0,300,100,5,7.5,5,280,38.7,4150,731,4881,103,43.4,111.8,88.41,40.34,276,146,5.22,27.68,2040,3.21,2036.79,496.26,262.41,35.88,16897.54,18.6,470.88,101.86,353.65,161.35,196,25,1.281,1.105,9.5,29.5,910.159,128.893,400.248,83.11,37.92,910.159,30.4,0.787,3870,203.359,280.04
RHS 300x100x5.6,300,100,5.6,9,5.6,277.6,43.2,4600,806,5406,103,43.2,111.7,97.98,44.62,307,161,5.84,31.18,2260,4.49,2255.51,555.05,289.14,35.65,18675.23,18.6,523.78,112.99,391.93,178.48,215.77,28,1.277,1.109,10.57,32.97,1013.249,143.449,447.366,92.1,41.94,1013.249,33.9,0.786,4320,181.944,277.58
RHS 300x100x6.3,300,100,6.3,9.4,6.3,274.8,48.4,5110,890,6000,103,42.9,111.6,109.67,49.73,341,178,6.48,34.64,2500,6.37,2493.63,619.04,319.25,35.43,20675.04,18.6,583.59,125.92,438.69,198.91,237.87,31.5,1.286,1.117,11.81,37.01,1137.024,160.183,502.09,103.09,46.74,1137.024,38,0.784,4840,161.983,274.86
RHS 300x100x7.1,300,100,7.1,10.7,7.1,271.6,54.2,5680,981,6661,102,42.5,110.5,122.41,55.29,379,196,7.23,38.92,2780,9.06,2770.94,693.03,352.1,35.14,22871.41,18.5,650.89,140.18,489.62,221.15,261.87,35.5,1.292,1.128,13.19,41.59,1274.629,178.983,564.306,115.06,51.97,1274.629,42.5,0.782,5420,144.28,271.67
RHS 300x100x8.0,300,100,8,12,8,268,60.8,6300,1080,7380,102,42.1,110.3,136.41,61.28,420,216,8.09,43.68,3070,12.87,3057.13,774.78,387.18,34.81,25224.9,18.5,724.72,155.68,545.66,245.36,287.3,40,1.299,1.136,14.72,46.72,1427.607,199.717,633.884,128.23,57.66,1427.607,47.7,0.779,6080,128.125,268.09
RHS 300x100x8.8,300,100,8.8,13.2,8.8,264.8,66.5,6840,1160,8000,101,41.8,109.3,148.59,66.49,456,232,8.78,47.97,3320,17.03,3302.97,846.01,416.75,34.51,27212.11,18.4,788.64,169.1,594.34,266.19,308.52,44,1.303,1.147,16.05,51.25,1561.965,217.778,695.363,139.67,62.55,1561.965,52.2,0.777,6650,116.842,264.91
RHS 300x100x10.0,300,100,10,15,10,260,74.9,7610,1280,8890,101,41.3,109.1,166.35,73.99,508,255,9.92,54.25,3680,24.76,3655.24,950.18,458.37,34.04,30007.29,18.4,881.46,188.47,665.41,296.2,338,50,1.31,1.162,18,58,1760.636,244.219,786.928,156.37,69.61,1760.636,58.8,0.774,7490,103.338,260.14
RHS 300x100x11.0,300,100,11,16.5,11,256,81.9,8230,1360,9590,100,40.8,108,180.71,79.97,549,273,10.64,59.52,3960,32.7,3927.3,1034.37,490.62,33.65,32165.87,18.3,955.97,203.92,722.84,320.09,360.45,55,1.317,1.173,19.58,63.58,1923.57,265.656,862.636,169.87,75.22,1923.57,64.3,0.772,8190,94.261,256.17
RHS 300x100x12.5,300,100,12.5,18.8,12.5,250,92.1,9100,1490,10590,99.4,40.2,107.2,201.49,88.52,607,297,12.03,67.16,4350,47.43,4302.57,1155.84,535.07,33.04,35111.92,18.2,1062.77,225.99,805.95,354.06,390.62,62.5,1.328,1.192,21.87,71.87,2163.494,296.794,975.181,189.4,83.2,2163.494,72.3,0.768,9210,83.388,250.22
RHS 300x100x14.2,300,100,14.2,21.3,14.2,243.2,103,10000,1610,11610,98.5,39.4,106.1,223.94,97.47,669,321,13.36,75.41,4760,68.6,4691.4,1285.87,580.02,32.32,38026.89,18.1,1176.44,249.15,895.78,389.87,419.94,71,1.339,1.215,24.37,81.17,2428.915,330.608,1101.255,210.51,91.62,2428.915,80.9,0.763,10300,74.078,243.49
RHS 300x100x16.0,300,100,16,24,16,236,115,10900,1720,12620,97.5,38.7,104.9,246.47,106.13,729,344,14.72,84.33,5140,96.73,5043.27,1413.86,621.72,31.54,40623,17.9,1287.96,271.53,985.89,424.72,445.57,80,1.352,1.235,26.88,90.88,2702.428,364.701,1233.035,231.68,99.81,2702.428,90.3,0.759,11500,66,236.36
RHS 300x200x5.0,300,200,5,7.5,5,280,48.7,6320,3400,9720,114,83.5,141.3,125.29,95,421,340,14.67,26.56,6820,4.05,6815.95,243.49,552.06,29.85,14184.59,12.1,475.27,94.65,501.15,380,196,100,1.19,1.118,19.5,29.5,1145.159,264.571,400.248,117.77,89.3,1145.159,38.2,0.987,4870,202.669,575.04
RHS 300x200x5.6,300,200,5.6,9,5.6,277.6,54.4,7020,3770,10790,114,83.2,141.1,139.2,105.52,468,377,16.44,29.86,7590,5.66,7584.34,273.72,612.12,29.86,15790.26,12.1,528.86,105.22,556.79,422.07,215.77,112,1.19,1.12,21.77,32.97,1276.449,295.407,447.366,130.85,99.19,1276.449,42.7,0.986,5440,181.25,571.98
RHS 300x200x6.3,300,200,6.3,9.4,6.3,274.8,61,7830,4190,12020,113,82.9,140.1,155.93,118.08,522,419,18.31,33.39,8480,8.03,8471.97,306.72,680.7,29.77,17605.51,12.1,591.39,117.66,623.72,472.33,237.87,126,1.195,1.127,24.41,37.01,1433.124,331.137,502.09,146.57,111,1433.124,47.9,0.984,6100,161.311,568.56
RHS 300x200x7.1,300,200,7.1,10.7,7.1,271.6,68.4,8730,4670,13400,113,82.6,140,174.4,131.96,582,467,20.62,37.55,9470,11.45,9458.55,345.6,756.99,29.72,19655.41,12.1,661.45,131.42,697.58,527.84,261.87,142,1.199,1.13,27.39,41.59,1608.329,371.645,564.306,163.93,124.04,1608.329,53.7,0.982,6840,143.567,564.57
RHS 300x200x8.0,300,200,8,12,8,268,76.8,9720,5180,14900,113,82.2,139.7,194.81,147.28,648,518,23.07,42.23,10600,16.29,10583.71,389.29,840.26,29.65,21910.82,12.1,739.02,146.59,779.26,589.11,287.3,160,1.203,1.137,30.72,46.72,1803.607,416.801,633.884,183.13,138.44,1803.607,60.3,0.979,7680,127.474,560.09
RHS 300x200x8.8,300,200,8.8,13.2,8.8,264.8,84.1,10600,5630,16230,112,81.8,138.7,212.65,160.63,705,563,25.33,46.56,11500,21.57,11478.43,428.09,912.06,29.58,23870.2,12.1,806.89,159.81,850.6,642.52,308.52,176,1.207,1.141,33.65,51.25,1975.565,456.57,695.363,199.89,150.99,1975.565,66,0.977,8410,116.171,556.11
RHS 300x200x10.0,300,200,10,15,10,260,94.9,11800,6280,18080,112,81.3,138.4,238.85,180.2,788,628,28.66,52.3,12900,31.43,12868.57,486.19,1015.91,29.47,26728.31,12.2,906.83,179.14,955.41,720.8,338,200,1.212,1.148,38,58,2230.636,515.574,786.928,224.52,169.39,2230.636,74.5,0.974,9490,102.634,550.14
RHS 300x200x11.0,300,200,11,16.5,11,256,104,12800,6800,19600,111,80.9,137.4,260.18,196.09,855,680,31.41,57.35,14000,41.58,13958.42,534.49,1099.03,29.37,29035.03,12.2,988.44,194.81,1040.74,784.36,360.45,220,1.217,1.153,41.58,63.58,2440.57,564.146,862.636,244.57,184.33,2440.57,81.6,0.972,10400,93.462,545.17
RHS 300x200x12.5,300,200,12.5,18.8,12.5,250,117,14300,7540,21840,110,80.2,136.1,291.33,219.22,952,754,35.44,65.39,15700,60.45,15639.55,606.68,1218.05,29.21,32365.32,12.2,1108.04,217.57,1165.32,876.88,390.62,250,1.224,1.163,46.87,71.87,2750.994,635.987,975.181,273.85,206.07,2750.994,91.8,0.968,11700,82.735,537.72
RHS 300x200x14.2,300,200,14.2,21.3,14.2,243.2,132,15800,8330,24130,110,79.5,135.7,325.4,244.41,1060,833,39.95,73.36,17500,87.69,17412.31,687.98,1344.98,29,35947.97,12.2,1239.59,242.29,1301.61,977.66,419.94,284,1.228,1.174,52.77,81.17,3096.315,715.931,1101.255,305.88,229.75,3096.315,103.6,0.963,13200,72.955,529.29
RHS 300x200x16.0,300,200,16,24,16,236,147,17400,9110,26510,109,78.7,134.4,360.07,269.47,1160,911,44.66,82.68,19300,124.04,19175.96,773.33,1470.55,28.75,39514.48,12.2,1374.32,267.04,1440.29,1079.71,445.57,320,1.242,1.185,58.88,90.88,3454.428,798.868,1233.035,338.47,253.73,3454.428,115.4,0.959,14700,65.238,520.36
RHS 300x250x6.3,300,250,6.3,9.4,6.3,274.8,67.3,9190,6950,16140,117,102,155.2,179.06,158.17,613,556,24.7,32.3,12200,8.87,12191.13,90.59,861.7,17.79,6363.74,6.3,357.8,70.56,716.24,632.67,237.87,196.88,1.168,1.138,30.71,37.01,1581.174,416.613,502.09,168.32,148.68,1581.174,52.8,1.08,6730,160.475,715.41
RHS 300x250x7.1,300,250,7.1,10.7,7.1,271.6,75.5,10300,7750,18050,116,101,153.8,200.39,176.95,683,620,27.77,36.65,13600,12.64,13587.36,102.46,959.82,17.85,7127.81,6.3,399.24,79.32,801.56,707.82,261.87,221.88,1.174,1.142,34.49,41.59,1775.179,467.975,564.306,188.37,166.34,1775.179,59.3,1.08,7550,143.046,711.02
RHS 300x250x8.0,300,250,8,12,8,268,84.8,11400,8630,20030,116,101,153.8,224.01,197.75,761,690,31.21,40.66,15200,17.99,15182.01,115.95,1067.34,17.92,7976.46,6.3,445.06,89.11,896.06,790.98,287.3,250,1.177,1.146,38.72,46.72,1991.607,525.343,633.884,210.57,185.88,1991.607,66.6,1.08,8480,127.358,706.09
RHS 300x250x8.8,300,250,8.8,13.2,8.8,264.8,92.9,12400,9390,21790,116,101,153.8,244.68,215.92,829,751,34.24,44.53,16600,23.84,16576.16,128.06,1160.41,17.98,8721.14,6.3,485.11,97.75,978.73,863.69,308.52,275,1.181,1.15,42.45,51.25,2182.365,575.966,695.363,230,202.97,2182.365,72.9,1.08,9290,116.254,701.71
RHS 300x250x10.0,300,250,10,15,10,260,105,13900,10500,24400,115,100,152.4,275.1,242.65,928,840,38.76,50.6,18600,34.76,18565.24,146.45,1295.69,18.05,9821.01,6.3,544.11,110.59,1100.41,970.6,338,312.5,1.186,1.155,48,58,2465.636,651.251,786.928,258.6,228.09,2465.636,82.4,1.07,10500,101.905,695.14
RHS 300x250x11.0,300,250,11,16.5,11,256,115,15100,11400,26500,115,99.6,152.1,299.92,264.44,1010,911,42.54,55.54,20300,46.01,20253.99,161.99,1404.56,18.1,10721.65,6.4,592.37,121.16,1199.69,1057.75,360.45,343.75,1.188,1.161,52.58,63.58,2699.07,713.391,862.636,281.93,248.57,2699.07,90.3,1.07,11500,93.043,689.67
RHS 300x250x12.5,300,250,12.5,18.8,12.5,250,130,16900,12700,29600,114,98.9,150.9,336.25,296.29,1120,1010,48.18,63.36,22700,66.96,22633.04,185.65,1561.42,18.16,12044.71,6.4,663.33,136.81,1345.01,1185.16,390.62,390.63,1.201,1.173,59.37,71.87,3044.744,805.584,975.181,316.08,278.51,3044.744,102.1,1.07,13000,82.308,681.47
RHS 300x250x14.2,300,250,14.2,21.3,14.2,243.2,146,18700,14100,32800,113,98.2,149.7,376.13,331.2,1250,1130,54.48,71.04,25400,97.24,25302.76,212.94,1730.16,18.2,13501.92,6.4,741.86,154.19,1504.53,1324.8,419.94,443.75,1.204,1.172,66.97,81.17,3430.015,908.593,1101.255,353.56,311.33,3430.015,114.6,1.06,14600,72.603,672.19
RHS 300x250x16.0,300,250,16,24,16,236,163,20600,15500,36100,112,97.4,148.4,416.87,366.8,1380,1240,61.08,79.8,28100,137.69,27962.31,242.36,1898.72,18.22,14992.79,6.4,822.99,172.16,1667.49,1467.2,445.57,500,1.208,1.183,74.88,90.88,3830.428,1015.952,1233.035,391.86,344.79,3830.428,128,1.06,16300,65.031,662.36
RHS 350x150x5.0,350,150,5,7.5,5,330,48.7,7660,2050,9710,125,64.9,140.8,135.74,75.17,437,274,9.05,32.2,5160,4.05,5155.95,767.16,477.25,51.15,42842.45,21,837.63,176.32,542.98,300.68,272.25,56.25,1.243,1.097,14.5,34.5,1145.159,196.732,468.087,127.6,70.66,1145.159,38.2,0.987,4870,202.669,500.04
RHS 350x150x5.6,350,150,5.6,9,5.6,327.6,54.4,8510,2270,10780,125,64.7,140.8,150.79,83.43,486,303,10.14,36.22,5730,5.66,5724.34,860.35,528.39,50.97,47582.65,21,933.6,196.24,603.15,333.71,300.5,63,1.241,1.101,16.17,38.57,1276.449,219.428,523.345,141.74,78.42,1276.449,42.7,0.986,5440,181.25,496.98
RHS 350x150x6.3,350,150,6.3,9.4,6.3,324.8,61,9480,2520,12000,125,64.3,140.6,168.95,93.25,542,337,11.3,40.38,6390,8.03,6381.97,962.59,586.57,50.76,52952.75,21,1043.22,219.29,675.79,373.01,332.31,70.88,1.247,1.107,18.11,43.31,1433.124,245.66,587.567,158.81,87.66,1433.124,47.9,0.984,6100,161.311,493.56
RHS 350x150x7.1,350,150,7.1,10.7,7.1,321.6,68.4,10600,2800,13400,124,64,139.5,188.96,104.09,604,374,12.68,45.66,7120,11.45,7108.55,1081.68,651.02,50.51,58959.88,21,1167.24,244.98,755.83,416.35,367.16,79.88,1.251,1.113,20.29,48.69,1608.329,275.314,660.637,177.62,97.84,1608.329,53.7,0.982,6840,143.567,489.57
RHS 350x150x8.0,350,150,8,12,8,318,76.8,11800,3100,14900,124,63.6,139.4,211.08,116.01,673,414,14.18,51.32,7930,16.29,7913.71,1214.64,721.01,50.23,65521.06,21,1304.47,273.3,844.33,464.04,404.5,90,1.255,1.121,22.72,54.72,1803.607,308.259,742.426,198.42,109.05,1803.607,60.3,0.979,7680,127.474,485.09
RHS 350x150x8.8,350,150,8.8,13.2,8.8,314.8,84.1,12800,3360,16160,123,63.3,138.3,230.41,126.37,732,449,15.53,55.97,8620,21.57,8598.43,1331.85,781.04,49.97,71177.23,21,1424.41,297.95,921.64,505.48,436.04,99,1.259,1.126,24.85,60.05,1975.565,337.174,814.759,216.58,118.79,1975.565,66,0.977,8410,116.171,481.11
RHS 350x150x10.0,350,150,10,15,10,310,94.9,14300,3740,18040,123,62.7,138.1,258.8,141.5,818,498,17.58,63.31,9630,31.43,9598.57,1505.81,867.34,49.57,79348.82,21,1600.7,334.01,1035.21,566,480.5,112.5,1.266,1.137,28,68,2230.636,379.896,922.606,243.27,133.01,2230.636,74.5,0.974,9490,102.634,475.14
RHS 350x150x11.0,350,150,11,16.5,11,306,104,15500,4030,19530,122,62.3,137,281.92,153.73,888,538,19.15,69.3,10400,41.58,10358.42,1648.96,935.91,49.23,85869.95,21,1744.26,363.2,1127.67,614.93,515,123.75,1.27,1.143,30.58,74.58,2440.57,414.901,1011.881,265,144.51,2440.57,81.6,0.972,10400,93.462,470.17
RHS 350x150x12.5,350,150,12.5,18.8,12.5,300,117,17300,4450,21750,122,61.7,136.7,315.67,171.25,988,593,21.55,78.84,11600,60.45,11539.55,1860.39,1033.26,48.7,95155.92,20.9,1953.86,405.33,1262.67,685.78,562.5,140.63,1.278,1.156,34.38,84.37,2750.994,466.391,1144.777,296.73,161.16,2750.994,91.8,0.968,11700,82.735,462.72
RHS 350x150x14.2,350,150,14.2,21.3,14.2,293.2,132,19200,4890,24090,121,60.9,135.5,352.59,190.42,1100,652,24.2,89.2,12900,87.69,12812.31,2094.57,1135.9,48.08,104954.83,20.9,2182.95,451.2,1410.34,762.43,610.36,159.75,1.282,1.169,38.57,95.37,3096.315,523.269,1293.917,331.43,179.17,3096.315,103.6,0.963,13200,72.955,454.29
RHS 350x150x16.0,350,150,16,24,16,286,147,21100,5320,26420,120,60.1,134.2,390.15,209.67,1200,709,26.96,100.07,14100,124.04,13975.96,2335.6,1236.05,47.39,114482.66,20.8,2415.57,497.31,1560.59,839.42,654.37,180,1.3,1.184,42.88,106.88,3454.428,581.784,1450.119,366.74,197.26,3454.428,115.4,0.959,14700,65.238,445.36
RHS 350x200x6.3,350,200,6.3,9.4,6.3,324.8,67.3,11300,4780,16080,130,84.3,154.9,196.01,133.34,648,478,17.29,39.38,10500,8.87,10491.13,710.68,798.88,46.89,49109.89,17.5,1047.35,212.54,784.06,533.35,332.31,126,1.21,1.116,24.41,43.31,1581.174,331.137,587.567,184.25,125.34,1581.174,52.8,1.08,6730,160.475,665.41
RHS 350x200x7.1,350,200,7.1,10.7,7.1,321.6,75.5,12700,5330,18030,129,84,153.9,219.39,149.08,723,533,19.47,44.92,11800,12.64,11787.36,800.1,889.08,46.76,54838.01,17.4,1172.79,237.69,877.56,596.32,367.16,142,1.214,1.119,27.39,48.69,1775.179,371.645,660.637,206.23,140.14,1775.179,59.3,1.08,7550,143.046,661.02
RHS 350x200x8.0,350,200,8,12,8,318,84.8,14100,5920,20020,129,83.6,153.7,245.28,166.48,806,592,21.81,50.12,13100,17.99,13082.01,900.41,987.7,46.6,61142.95,17.5,1311.96,265.48,981.13,665.91,404.5,160,1.217,1.125,30.72,54.72,1991.607,416.801,742.426,230.57,156.49,1991.607,66.6,1.08,8480,127.358,656.09
RHS 350x200x8.8,350,200,8.8,13.2,8.8,314.8,92.9,15400,6440,21840,129,83.2,153.5,267.94,181.66,878,644,23.95,55.32,14300,23.84,14276.16,989.3,1072.89,46.46,66622.81,17.5,1433.95,289.75,1071.76,726.65,436.04,176,1.221,1.128,33.65,60.05,2182.365,456.57,814.759,251.86,170.76,2182.365,72.9,1.08,9290,116.254,651.71
RHS 350x200x10.0,350,200,10,15,10,310,105,17200,7180,24380,128,82.7,152.4,301.3,203.95,983,718,27.03,62.36,16000,34.76,15965.24,1122.09,1196.39,46.24,74621.16,17.5,1613.92,325.37,1205.21,815.8,480.5,200,1.226,1.136,38,68,2465.636,515.574,922.606,283.22,191.71,2465.636,82.4,1.07,10500,101.905,645.14
RHS 350x200x11.0,350,200,11,16.5,11,306,115,18700,7780,26480,128,82.3,152.2,328.53,222.08,1070,778,29.61,68.52,17500,46.01,17453.99,1232.19,1295.47,46.04,81081.75,17.5,1761.15,354.35,1314.12,888.31,515,220,1.228,1.142,41.58,74.58,2699.07,564.146,1011.881,308.82,208.75,2699.07,90.3,1.07,11500,93.043,639.67
RHS 350x200x12.5,350,200,12.5,18.8,12.5,300,130,20900,8640,29540,127,81.6,151,368.4,248.52,1190,864,33.43,77.89,19500,66.96,19433.04,1396.28,1437.75,45.73,90420.02,17.5,1977.35,396.61,1473.61,994.07,562.5,250,1.238,1.151,46.87,84.37,3044.744,635.987,1144.777,346.3,233.61,3044.744,102.1,1.07,13000,82.308,631.47
RHS 350x200x14.2,350,200,14.2,21.3,14.2,293.2,146,23200,9560,32760,126,80.9,149.7,412.19,277.39,1320,956,37.68,87.81,21700,97.24,21602.76,1580.46,1590.08,45.35,100485.58,17.5,2215.68,442.77,1648.76,1109.58,610.36,284,1.249,1.161,52.77,95.37,3430.015,715.931,1293.917,387.46,260.75,3430.015,114.6,1.06,14600,72.603,622.19
RHS 350x200x16.0,350,200,16,24,16,286,163,25500,10500,36000,125,80.1,148.5,456.95,306.27,1460,1050,42.35,98.1,24000,137.69,23862.31,1773.14,1741.42,44.93,110534.76,17.5,2460.27,489.3,1827.79,1226.91,654.37,320,1.252,1.168,58.88,106.88,3830.428,798.868,1450.119,429.53,288.32,3830.428,128,1.06,16300,65.031,612.36
RHS 350x250x6.3,350,250,6.3,9.4,6.3,324.8,73.6,13200,7880,21080,134,104,169.6,223.08,177.36,754,631,23.55,38.67,15200,9.7,15190.3,376.94,1011.33,36.53,31645.43,12.3,866.34,171.33,892.32,709.43,332.31,196.88,1.183,1.124,30.71,43.31,1729.224,416.613,587.567,209.7,166.72,1729.224,57.8,1.18,7360,160.326,837.26
RHS 350x250x7.1,350,250,7.1,10.7,7.1,321.6,82.6,14700,8800,23500,134,103,169,249.82,198.51,843,704,26.52,43.24,17000,13.83,16986.17,424.93,1127.33,36.51,35402.09,12.3,969.66,191.61,999.29,794.05,367.16,221.88,1.185,1.128,34.49,48.69,1942.029,467.975,660.637,234.83,186.6,1942.029,64.8,1.18,8260,142.857,832.47
RHS 350x250x8.0,350,250,8,12,8,318,92.8,16400,9800,26200,133,103,168.2,279.48,221.95,940,784,29.78,48.64,19000,19.7,18980.3,478.97,1254.68,36.48,39557.82,12.3,1084.3,214.04,1117.93,887.78,404.5,250,1.189,1.132,38.72,54.72,2179.607,525.343,742.426,262.71,208.63,2179.607,72.8,1.18,9280,127.155,827.09
RHS 350x250x8.8,350,250,8.8,13.2,8.8,314.8,102,17900,10700,28600,133,102,167.6,305.47,242.45,1020,853,32.86,53.55,20800,26.12,20773.88,527.04,1365.11,36.45,43188.87,12.3,1184.82,233.63,1221.89,969.82,436.04,275,1.198,1.137,42.45,60.05,2389.165,575.966,814.759,287.14,227.91,2389.165,80.1,1.18,10200,115.686,822.31
RHS 350x250x10.0,350,250,10,15,10,310,115,20100,11900,32000,132,102,166.8,343.8,272.65,1150,955,36.74,60.89,23400,38.09,23361.91,599.21,1525.97,36.4,48523.73,12.3,1333.11,262.41,1375.21,1090.6,480.5,312.5,1.196,1.142,48,68,2700.636,651.251,922.606,323.17,256.29,2700.636,90.3,1.17,11500,101.739,815.14
RHS 350x250x11.0,350,250,11,16.5,11,306,126,21900,13000,34900,132,101,166.2,375.14,297.3,1250,1040,40.76,67.08,25500,50.45,25449.55,659.39,1655.74,36.35,52866.24,12.3,1454.54,285.84,1500.57,1189.2,515,343.75,1.2,1.143,52.58,74.58,2957.57,713.391,1011.881,352.63,279.46,2957.57,98.9,1.17,12600,92.857,809.17
RHS 350x250x12.5,350,250,12.5,18.8,12.5,300,142,24400,14400,38800,131,101,165.4,421.14,333.4,1400,1160,45.53,75.58,28500,73.47,28426.53,749.69,1843.25,36.25,59202.04,12.4,1633.15,320.07,1684.54,1333.6,562.5,390.63,1.203,1.15,59.38,84.37,3338.494,805.584,1144.777,395.87,313.4,3338.494,111.5,1.17,14200,82.394,800.22
RHS 350x250x14.2,350,250,14.2,21.3,14.2,293.2,160,27200,16000,43200,130,100,164,471.79,373.06,1550,1280,51.45,85.66,31900,106.78,31793.22,852.01,2045.7,36.12,66120.51,12.4,1830.6,357.52,1887.18,1492.22,610.36,443.75,1.218,1.166,66.97,95.37,3763.715,908.593,1293.917,443.49,350.67,3763.715,125.6,1.16,16000,72.5,790.09
RHS 350x250x16.0,350,250,16,24,16,286,179,30000,17700,47700,129,99.3,162.8,523.75,413.6,1720,1410,58.24,96.05,35300,151.35,35148.65,960.17,2248.8,35.96,73136.22,12.4,2034.1,395.65,2094.99,1654.4,654.37,500,1.218,1.173,74.88,106.88,4206.428,1015.952,1450.119,492.32,388.78,4206.428,140.5,1.16,17900,64.804,779.36
RHS 400x150x6.3,400,150,6.3,9.4,6.3,374.8,67.3,13300,2850,16150,140,65.1,154.4,209.03,104.57,663,380,10.6,46.74,7600,8.87,7591.13,1494.29,673.33,65.81,98390.32,24.7,1495.05,319.62,836.13,418.28,442.5,70.88,1.261,1.101,18.11,49.61,1581.174,245.66,673.044,196.49,98.3,1581.174,52.8,1.08,6730,160.475,565.41
RHS 400x150x7.1,400,150,7.1,10.7,7.1,371.6,75.5,14800,3170,17970,140,64.7,154.2,233.95,116.77,740,422,11.91,52.25,8470,12.64,8457.36,1678.3,747.72,65.48,109578.87,24.7,1673.38,357.26,935.8,467.08,490.21,79.88,1.265,1.107,20.29,55.79,1775.179,275.314,756.968,219.91,109.76,1775.179,59.3,1.08,7550,143.046,561.02
RHS 400x150x8.0,400,150,8,12,8,368,84.8,16500,3510,20010,139,64.3,153.2,261.55,130.21,824,468,13.31,58.79,9420,17.99,9402.01,1883.5,828.61,65.11,121808.94,24.7,1870.84,398.81,1046.2,520.84,541.7,90,1.27,1.113,22.72,62.72,1991.607,308.259,850.968,245.86,122.4,1991.607,66.6,1.08,8480,127.358,556.09
RHS 400x150x8.8,400,150,8.8,13.2,8.8,364.8,92.9,18000,3800,21800,139,64,153,285.7,141.9,898,507,14.52,64.73,10300,23.84,10276.16,2064.2,898.09,64.77,132361.27,24.6,2043.56,435.02,1142.8,567.61,585.55,99,1.273,1.12,24.85,68.85,2182.365,337.174,934.155,268.56,133.39,2182.365,72.9,1.08,9290,116.254,551.71
RHS 400x150x10.0,400,150,10,15,10,360,105,20100,4230,24330,138,63.5,151.9,321.25,159,1010,564,16.4,72.94,11500,34.76,11465.24,2332.07,998.13,64.25,147624.25,24.6,2297.62,488.08,1285.01,636,648,112.5,1.272,1.128,28,78,2465.636,379.896,1058.283,301.98,149.46,2465.636,82.4,1.07,10500,101.905,545.14
RHS 400x150x11.0,400,150,11,16.5,11,356,115,21800,4560,26360,138,63,151.7,350.26,172.84,1090,609,17.86,79.75,12400,46.01,12353.99,2552.21,1077.77,63.81,159822.38,24.6,2504.72,531.12,1401.06,691.38,697.05,123.75,1.285,1.135,30.58,85.58,2699.07,414.901,1161.126,329.25,162.47,2699.07,90.3,1.07,11500,93.043,539.67
RHS 400x150x12.5,400,150,12.5,18.8,12.5,350,130,24400,5040,29440,137,62.4,150.5,392.74,192.74,1220,672,20.09,90.92,13800,66.96,13733.04,2876.89,1191.07,63.13,177226.29,24.5,2807.4,593.41,1570.95,771.72,765.63,140.63,1.288,1.148,34.37,96.88,3044.744,466.391,1314.374,369.17,181.35,3044.744,102.1,1.07,13000,82.308,531.47
RHS 400x150x14.2,400,150,14.2,21.3,14.2,343.2,146,27100,5550,32650,136,61.6,149.3,439.37,214.52,1360,740,22.58,102.6,15300,97.24,15202.76,3235.94,1310.88,62.33,195647.05,24.5,3138.72,661.41,1757.49,858.85,836.28,159.75,1.292,1.161,38.57,109.57,3430.015,523.269,1486.578,413.01,201.83,3430.015,114.6,1.06,14600,72.603,522.19
RHS 400x150x16.0,400,150,16,24,16,336,163,29800,6040,35840,135,60.9,148.1,487.02,236.47,1490,805,25.09,114.74,16800,137.69,16662.31,3604.97,1428.18,61.46,213632.12,24.4,3475.69,730.01,1948.08,946.62,903.17,180,1.307,1.176,42.88,122.88,3830.428,581.784,1667.203,457.8,222.45,3830.428,128,1.06,16300,65.031,512.36
RHS 400x200x6.3,400,200,6.3,9.4,6.3,374.8,73.6,15700,5380,21080,146,85.5,169.2,240.04,148.59,785,538,16.42,45.92,12600,9.7,12590.3,1283.02,917.07,65.22,104706.04,22.3,1605.34,331.68,960.14,594.36,442.5,126,1.223,1.105,24.41,49.61,1729.224,331.137,673.044,225.63,139.68,1729.224,57.8,1.18,7360,160.326,762.26
RHS 400x200x7.1,400,200,7.1,10.7,7.1,371.6,82.6,17500,5990,23490,146,85.1,169,268.82,166.2,877,599,18.42,51.43,14100,13.83,14086.17,1443.78,1021.18,65.02,116944.54,22.3,1798.73,371.18,1075.28,664.8,490.21,142,1.226,1.11,27.39,55.79,1942.029,371.645,756.968,252.69,156.23,1942.029,64.8,1.18,8260,142.857,757.47
RHS 400x200x8.0,400,200,8,12,8,368,92.8,19600,6660,26260,145,84.7,167.9,300.75,185.68,978,666,20.65,58.3,15700,19.7,15680.3,1623.92,1135.16,64.77,130423.31,22.3,2013.52,414.9,1203,742.71,541.7,160,1.23,1.115,30.72,62.72,2179.607,416.801,850.968,282.71,174.54,2179.607,72.8,1.18,9280,127.155,752.09
RHS 400x200x8.8,400,200,8.8,13.2,8.8,364.8,102,21300,7240,28540,145,84.4,167.8,328.73,202.69,1070,724,22.62,63.6,17200,26.12,17173.88,1783.37,1233.75,64.55,142145.66,22.3,2201.99,453.15,1314.93,810.78,585.55,176,1.229,1.12,33.65,68.85,2389.165,456.57,934.155,309.01,190.53,2389.165,80.1,1.18,10200,115.686,747.31
RHS 400x200x10.0,400,200,10,15,10,360,115,23900,8080,31980,144,83.9,166.7,370,227.7,1200,808,25.54,72.19,19300,38.09,19261.91,2021.28,1376.91,64.21,159269.52,22.3,2480.36,509.4,1480.01,910.8,648,200,1.233,1.127,38,78,2700.636,515.574,1058.283,347.8,214.04,2700.636,90.3,1.17,11500,101.739,740.14
RHS 400x200x11.0,400,200,11,16.5,11,356,126,26000,8760,34760,144,83.4,166.4,403.75,248.07,1300,876,27.97,79.26,21000,50.45,20949.55,2218.27,1491.98,63.92,173115.18,22.3,2708.37,555.26,1615.01,992.26,697.05,220,1.242,1.133,41.58,85.58,2957.57,564.146,1161.126,379.53,233.18,2957.57,98.9,1.17,12600,92.857,734.17
RHS 400x200x12.5,400,200,12.5,18.8,12.5,350,142,29100,9740,38840,143,82.8,165.2,453.28,277.81,1450,974,31.58,90.08,23400,73.47,23326.53,2511.39,1657.54,63.46,193154.43,22.3,3043.64,622.31,1813.14,1111.25,765.63,250,1.25,1.141,46.87,96.88,3338.494,635.987,1314.374,426.09,261.14,3338.494,111.5,1.17,14200,82.394,725.22
RHS 400x200x14.2,400,200,14.2,21.3,14.2,343.2,160,32400,10800,43200,142,82.1,164,507.85,310.37,1620,1080,35.67,101.8,26100,106.78,25993.22,2839.82,1835.29,62.92,214797.63,22.3,3413.78,695.78,2031.4,1241.5,836.28,284,1.254,1.15,52.77,109.57,3763.715,715.931,1486.578,477.38,291.75,3763.715,125.6,1.16,16000,72.5,715.09
RHS 400x200x16.0,400,200,16,24,16,336,179,35700,11800,47500,141,81.3,162.8,563.82,343.07,1790,1180,39.56,113.87,28900,151.35,28748.65,3182.79,2012.46,62.32,236463.32,22.3,3794.28,770.19,2255.28,1374.11,903.17,320,1.26,1.164,58.88,122.88,4206.428,798.868,1667.203,529.99,322.92,4206.428,140.5,1.16,17900,64.804,704.36
RHS 400x300x8.0,400,300,8,12,8,368,109,25700,16500,42200,154,123,197.1,379.15,311.61,1280,1100,36.27,55.62,31000,23.11,30976.89,567.08,1749.09,43.28,64568.36,12.4,1491.88,293.67,1516.6,1246.46,541.7,360,1.185,1.133,46.72,62.72,2555.607,633.884,850.968,356.4,292.92,2555.607,85.6,1.38,10900,126.606,1144.09
RHS 400x300x8.8,400,300,8.8,13.2,8.8,364.8,119,28100,18000,46100,153,123,196.3,414.8,340.78,1400,1200,39.83,61.29,33900,30.66,33869.34,624.22,1906.16,43.29,70595.76,12.4,1630.8,320.82,1659.19,1363.11,585.55,396,1.185,1.136,51.25,68.85,2802.765,695.363,934.155,389.91,320.33,2802.765,93.4,1.38,11900,115.966,1138.51
RHS 400x300x10.0,400,300,10,15,10,360,135,31500,20200,51700,153,122,195.7,467.5,383.85,1580,1350,45.16,69.21,38200,44.76,38155.24,710.13,2136.03,43.29,79491.59,12.4,1836.18,360.82,1870.01,1535.41,648,450,1.184,1.137,58,78,3170.636,786.928,1058.283,439.45,360.82,3170.636,106,1.37,13500,101.481,1130.14
RHS 400x300x11.0,400,300,11,16.5,11,356,148,34300,22000,56300,152,122,194.9,510.73,419.13,1720,1470,49.63,75.92,41700,59.32,41640.68,781.89,2322.43,43.28,86771.11,12.4,2004.69,393.48,2042.91,1676.54,697.05,495,1.188,1.141,63.58,85.58,3474.57,862.636,1161.126,480.08,393.99,3474.57,116.2,1.37,14800,92.568,1123.17
RHS 400x300x12.5,400,300,12.5,18.8,12.5,350,167,38500,24600,63100,152,121,194.3,574.38,471.02,1920,1640,56.19,86.43,46800,86.49,46713.51,889.83,2593.42,43.26,97460.92,12.4,2253.15,441.34,2297.51,1884.07,765.63,562.5,1.197,1.149,71.87,96.88,3925.994,975.181,1314.374,539.92,442.76,3925.994,131.1,1.37,16700,82.036,1112.72
RHS 400x300x14.2,400,300,14.2,21.3,14.2,343.2,189,43000,27400,70400,151,121,193.5,644.81,528.32,2150,1830,63.39,97.82,52500,125.87,52374.13,1012.54,2888.36,43.2,109239.42,12.5,2528.81,493.97,2579.24,2113.29,836.28,639,1.2,1.155,81.17,109.57,4431.115,1101.255,1486.578,606.12,496.62,4431.115,148.4,1.36,18900,71.958,1100.89
RHS 400x300x16.0,400,300,16,24,16,336,211,47500,30300,77800,150,120,192.1,717.42,587.27,2380,2020,71.24,109.4,58300,178.65,58121.35,1142.84,3186.93,43.11,121314.43,12.5,2814.14,547.84,2869.68,2349.09,903.17,720,1.206,1.163,90.88,122.88,4958.428,1233.035,1667.203,674.37,552.04,4958.428,165.6,1.36,21100,64.455,1088.36
RHS 450x150x8.0,450,150,8,12,8,418,92.8,22300,3910,26210,155,65,168.1,317.02,144.41,990,522,12.46,66.45,10900,19.7,10880.3,2673.29,936.22,80.48,203785.63,27.9,2532.11,547.55,1268.08,577.64,698.9,90,1.281,1.107,22.72,70.72,2179.607,308.259,959.51,298,135.74,2179.607,72.8,1.18,9280,127.155,627.09
RHS 450x150x8.8,450,150,8.8,13.2,8.8,414.8,102,24300,4240,28540,155,64.6,167.9,346.49,157.43,1080,566,13.62,72.89,11900,26.12,11873.88,2928.46,1015.15,80.06,221484.71,27.9,2766.52,597.51,1385.97,629.74,757.06,99,1.283,1.113,24.85,77.65,2389.165,337.174,1053.551,325.7,147.99,2389.165,80.1,1.18,10200,115.686,622.31
RHS 450x150x10.0,450,150,10,15,10,410,115,27200,4720,31920,154,64.1,166.8,389.95,176.5,1210,629,15.37,82.34,13300,38.09,13261.91,3306.34,1128.94,79.42,247106.76,27.8,3111.57,670.8,1559.81,706,840.5,112.5,1.289,1.122,28,88,2700.636,379.896,1193.96,366.56,165.91,2700.636,90.3,1.17,11500,101.739,615.14
RHS 450x150x11.0,450,150,11,16.5,11,406,126,29600,5100,34700,153,63.6,165.7,425.49,191.96,1320,680,16.78,90.47,14400,50.45,14349.55,3616.53,1219.66,78.87,267605.98,27.8,3393.02,730.34,1701.94,767.83,906.6,123.75,1.289,1.129,30.58,96.58,2957.57,414.901,1310.371,399.96,180.44,2957.57,98.9,1.17,12600,92.857,609.17
RHS 450x150x12.5,450,150,12.5,18.8,12.5,400,142,33100,5640,38740,153,63,165.5,477.62,214.22,1470,751,18.86,102.66,16100,73.47,16026.53,4073.44,1348.93,78.03,296895.63,27.7,3804.72,816.68,1910.49,857.66,1000,140.63,1.3,1.142,34.37,109.38,3338.494,466.391,1483.971,448.96,201.55,3338.494,111.5,1.17,14200,82.394,600.22
RHS 450x150x14.2,450,150,14.2,21.3,14.2,393.2,160,36800,6200,43000,152,62.2,164.2,535.03,238.63,1640,827,21.08,115.7,17800,106.78,17693.22,4577.99,1485.91,77.06,327964.99,27.6,4255.87,911.11,2140.13,955.27,1097.7,159.75,1.305,1.155,38.57,123.77,3763.715,523.269,1679.24,502.93,224.49,3763.715,125.6,1.16,16000,72.5,590.09
RHS 450x150x16.0,450,150,16,24,16,386,179,40600,6760,47360,151,61.5,163,593.89,263.27,1810,901,23.46,129.77,19600,151.35,19448.65,5095.82,1620.37,76.01,358390.27,27.5,4715.35,1006.65,2375.57,1053.82,1191.97,180,1.312,1.17,42.88,138.88,4206.428,581.784,1884.287,558.26,247.65,4206.428,140.5,1.16,17900,64.804,579.36
RHS 450x250x8.0,450,250,8,12,8,418,109,30100,12100,42200,166,106,197,405.42,270.35,1340,971,26.99,65.03,27100,23.11,27076.89,2013.3,1629.44,78.83,224820.15,23.1,2851.91,580.85,1621.68,1081.38,698.9,250,1.21,1.114,38.72,70.72,2555.607,525.343,959.51,381.09,254.12,2555.607,85.6,1.38,10900,126.606,1069.09
RHS 450x250x8.8,450,250,8.8,13.2,8.8,414.8,119,32800,13200,46000,166,105,196.4,443.56,295.52,1460,1060,29.68,71.17,29600,30.66,29569.34,2212.61,1774.62,78.65,245492.87,23.1,3121.42,635.08,1774.23,1182.07,757.06,275,1.215,1.115,42.45,77.65,2802.765,575.966,1053.551,416.94,277.79,2802.765,93.4,1.38,11900,115.966,1063.51
RHS 450x250x10.0,450,250,10,15,10,410,135,36900,14800,51700,165,105,195.6,499.95,332.65,1640,1180,33.64,80.91,33300,44.76,33255.24,2510.71,1986.7,78.36,275874.57,23.1,3520.51,715.11,1999.81,1330.6,840.5,312.5,1.219,1.128,48,88,3170.636,651.251,1193.96,469.96,312.69,3170.636,106,1.37,13500,101.481,1055.14
RHS 450x250x11.0,450,250,11,16.5,11,406,148,40200,16100,56300,165,104,195,546.21,363.03,1790,1290,36.93,88.82,36300,59.32,36240.68,2758.26,2158.32,78.11,300614.11,23.1,3848.38,780.6,2184.84,1452.1,906.6,343.75,1.221,1.126,52.58,96.58,3474.57,713.391,1310.371,513.44,341.24,3474.57,116.2,1.37,14800,92.568,1048.17
RHS 450x250x12.5,450,250,12.5,18.8,12.5,400,167,45000,18000,63000,164,104,194.2,614.34,407.62,2000,1440,41.89,100.53,40700,86.49,40613.51,3127.96,2407.21,77.73,336729.76,23.1,4332.23,876.8,2457.36,1630.47,1000,390.63,1.229,1.132,59.37,109.37,3925.994,805.584,1483.971,577.48,383.16,3925.994,131.1,1.37,16700,82.036,1037.72
RHS 450x250x14.2,450,250,14.2,21.3,14.2,393.2,189,50300,20000,70300,163,103,192.8,689.74,456.76,2240,1600,47.15,113.91,45600,125.87,45474.13,3544.32,2677.22,77.26,376206.39,23.1,4869.11,982.86,2758.97,1827.06,1097.7,443.75,1.232,1.142,66.97,123.77,4431.115,908.593,1679.24,648.36,429.36,4431.115,148.4,1.36,18900,71.958,1025.89
RHS 450x250x16.0,450,250,16,24,16,386,211,55700,22000,77700,162,102,191.4,767.49,507.2,2480,1760,52.56,127.96,50500,178.65,50321.35,3981.72,2949.56,76.75,416302.38,23.1,5424.34,1091.73,3069.97,2028.8,1191.97,500,1.238,1.153,74.88,138.88,4958.428,1015.952,1884.287,721.44,476.77,4958.428,165.6,1.36,21100,64.455,1013.36
RHS 500x200x8.0,500,200,8,12,8,468,109,34000,8140,42140,177,86.5,197,426.69,224.08,1360,814,18.62,73.37,21100,23.11,21076.89,3663.25,1430.14,103.68,394146.98,30.6,3801.6,806.66,1706.75,896.31,876.1,160,1.255,1.101,30.72,78.72,2555.607,416.801,1068.052,401.09,210.63,2555.607,85.6,1.38,10900,126.606,944.09
RHS 500x200x8.8,500,200,8.8,13.2,8.8,464.8,119,37200,8850,46050,177,86.1,196.8,466.82,244.76,1490,885,20.37,80.94,23000,30.66,22969.34,4020.22,1555.55,103.3,429721.07,30.5,4159.89,881.74,1867.26,979.03,950.57,176,1.253,1.106,33.65,86.45,2802.765,456.57,1172.947,438.81,230.07,2802.765,93.4,1.38,11900,115.966,938.51
RHS 500x200x10.0,500,200,10,15,10,460,135,41800,9890,51690,176,85.6,195.7,526.15,275.2,1670,989,23,91.8,25900,44.76,25855.24,4551.9,1738.05,102.72,481751.73,30.5,4689.8,992.44,2104.61,1100.8,1058,200,1.26,1.113,38,98,3170.636,515.574,1329.638,494.58,258.69,3170.636,106,1.37,13500,101.481,930.14
RHS 500x200x11.0,500,200,11,16.5,11,456,148,45500,10700,56200,175,85.2,194.6,574.82,300.04,1820,1070,25.03,100.61,28200,59.32,28140.68,4991.32,1885.09,102.23,523885.25,30.5,5124.48,1082.93,2299.28,1200.16,1143.65,220,1.263,1.122,41.58,107.58,3474.57,564.146,1459.617,540.33,282.04,3474.57,116.2,1.37,14800,92.568,923.17
RHS 500x200x12.5,500,200,12.5,18.8,12.5,450,167,51000,11900,62900,175,84.5,194.3,646.49,336.41,2040,1190,28.19,114.16,31500,86.49,31413.51,5643.87,2097.28,101.48,584984.92,30.5,5764.63,1215.64,2585.96,1345.63,1265.62,250,1.268,1.131,46.87,121.87,3925.994,635.987,1653.567,607.7,316.22,3925.994,131.1,1.37,16700,82.036,912.72
RHS 500x200x14.2,500,200,14.2,21.3,14.2,443.2,189,56900,13200,70100,174,83.8,193.1,725.8,376.33,2280,1320,31.75,128.86,35200,125.87,35074.13,6373.18,2325.95,100.6,651164.88,30.5,6472.79,1361.66,2903.19,1505.33,1394.63,284,1.273,1.14,52.77,137.97,4431.115,715.931,1871.902,682.25,353.75,4431.115,148.4,1.36,18900,71.958,900.89
RHS 500x200x16.0,500,200,16,24,16,436,211,63000,14500,77500,173,83,191.9,807.57,416.67,2520,1450,35.45,144.71,38900,178.65,38721.35,7132.83,2554.83,99.64,717661.49,30.4,7202.32,1510.38,3230.26,1668.51,1520.77,320,1.282,1.151,58.88,154.88,4958.428,798.868,2101.37,759.11,392.1,4958.428,165.6,1.36,21100,64.455,888.36
RHS 500x300x8.0,500,300,8,12,8,468,125,43700,20000,63700,187,126,225.5,525.09,370.01,1750,1330,33.94,71.67,42600,26.53,42573.47,2389.55,2203.77,92.59,353660.52,23.6,3819.65,771.29,2100.35,1480.06,876.1,360,1.2,1.113,46.72,78.72,2931.607,633.884,1068.052,493.58,347.81,2931.607,98.1,1.58,12500,126.4,1436.09
RHS 500x300x8.8,500,300,8.8,13.2,8.8,464.8,137,47800,21800,69600,187,126,225.5,574.88,404.84,1910,1450,37.16,78.89,46600,35.2,46564.8,2627.17,2403.56,92.44,386662.69,23.6,4182.73,843.92,2299.52,1619.37,950.57,396,1.204,1.117,51.25,86.45,3216.365,695.363,1172.947,540.39,380.55,3216.365,107.5,1.58,13700,115.328,1429.71
RHS 500x300x10.0,500,300,10,15,10,460,155,53800,24400,78200,186,126,224.7,648.65,456.35,2150,1630,41.82,89.54,52400,51.43,52348.57,2983.05,2696.59,92.21,435350.24,23.6,4721.2,951.33,2594.61,1825.41,1058,450,1.207,1.12,58,98,3640.636,786.928,1329.638,609.73,428.97,3640.636,121.7,1.57,15500,101.29,1420.14
RHS 500x300x11.0,500,300,11,16.5,11,456,170,58600,26600,85200,186,125,224.1,709.29,498.61,2350,1770,45.98,98.04,57300,68.2,57231.8,3279.05,2934.78,92.01,475171.88,23.6,5164.36,1039.45,2837.18,1994.44,1143.65,495,1.207,1.127,63.58,107.58,3991.57,862.636,1459.617,666.74,468.69,3991.57,133.4,1.57,17000,92.353,1412.17
RHS 500x300x12.5,500,300,12.5,18.8,12.5,450,192,65800,29800,95600,185,125,223.3,798.83,560.86,2630,1980,52.12,111.28,64400,99.51,64300.49,3722,3282.04,91.69,533615.54,23.6,5819.73,1169.26,3195.33,2243.45,1265.62,562.5,1.215,1.133,71.88,121.87,4513.494,975.181,1653.567,750.9,527.21,4513.494,150.7,1.57,19200,81.771,1400.22
RHS 500x300x14.2,500,300,14.2,21.3,14.2,443.2,217,73700,33200,106900,184,124,221.9,898.26,629.78,2950,2220,58.67,126.11,72200,144.96,72055.04,4222.26,3661.37,91.31,597967.56,23.7,6549.06,1312.94,3593.03,2519.12,1394.63,639,1.218,1.135,81.17,137.97,5098.515,1101.255,1871.902,844.36,591.99,5098.515,170.3,1.56,21700,71.889,1386.69
RHS 500x300x16.0,500,300,16,24,16,436,243,81800,36800,118600,183,123,220.5,1001.17,700.87,3270,2450,66.04,141.73,80300,205.96,80094.04,4749.64,4046.96,90.87,663901.6,23.7,7305.96,1461.11,4004.66,2803.49,1520.77,720,1.225,1.144,90.88,154.88,5710.428,1233.035,2101.37,941.1,658.82,5710.428,190.8,1.56,24300,64.198,1372.36
