Section,h[mm],t[mm],ro[mm],ri[mm],d[mm],A[cm2],Iy[cm4],Ip[cm4],iy[mm],ip[mm],max Sy[cm3],Wy[cm3],Ay[cm2],It[cm4],"It,StVen[cm4]","It,Bredt[cm4]","It,s[cm4]",Wt[cm3],max ω[cm2],Iω[cm6],iω[mm],Wω[cm4],max Sω[cm4],"Wpl,y[cm3]","Wpl,y,webs[cm3]","Wpl,z,flanges[cm3]","αpl,y","Apl,y[cm2]",Npl[kN],"Vpl,y[kN]","Mpl,y[kNm]",Nu[kN],G[kg/m],Am[m2/m],V[cm3/m],Am/V[1/m],Acell[cm2]
SHS 40x40x2.9,40,2.9,4.3,2.9,28.4,4.21,9.54,19.08,15,21.2,1.45,4.77,1.83,15.3,0.12,15.18,0.04,6.95,0.09,0.01,0.2,0.13,0.01,5.81,1.17,2.32,1.218,2.15,99.001,29.195,1.36,99.001,3.3,0.153,421,363.42,13.69
SHS 40x40x3.0,40,3,4.5,3,28,4.34,9.78,19.56,15,21.2,1.49,4.89,1.9,15.7,0.13,15.57,0.05,7.11,0.09,0.01,0.2,0.13,0.02,5.97,1.18,2.4,1.221,2.22,102.057,30.12,1.4,102.057,3.4,0.152,434,350.23,13.61
SHS 40x40x3.2,40,3.2,4.8,3.2,27.2,4.6,10.2,20.4,14.9,21.1,1.57,5.11,2,16.5,0.15,16.35,0.05,7.44,0.09,0.01,0.3,0.15,0.02,6.28,1.18,2.56,1.229,2.36,108.097,31.955,1.48,108.097,3.6,0.152,460,330.435,13.45
SHS 40x40x3.6,40,3.6,5.4,3.6,25.6,5.1,11.1,22.2,14.7,20.8,1.72,5.54,2.26,18.1,0.22,17.88,0.07,8.04,0.09,0.02,0.3,0.17,0.02,6.88,1.18,2.88,1.242,2.62,119.89,35.558,1.62,119.89,4,0.151,510,296.078,13.14
SHS 40x40x4.0,40,4,6,4,24,5.59,11.8,23.6,14.5,20.5,1.86,5.91,2.46,19.5,0.29,19.21,0.08,8.58,0.1,0.02,0.3,0.2,0.02,7.44,1.15,3.2,1.258,2.88,131.302,39.075,1.75,131.302,4.4,0.15,559,268.336,12.82
SHS 40x40x5.0,40,5,7.5,5,20,6.73,13.4,26.8,14.1,19.9,2.16,6.68,3.05,22.5,0.55,21.95,0.11,9.69,0.1,0.03,0.3,0.25,0.03,8.66,1,4,1.296,3.5,158.159,47.487,2.04,158.159,5.3,0.147,673,218.425,12.04
SHS 40x40x5.6,40,5.6,8.4,5.6,17.6,7.37,14.1,28.2,13.8,19.5,2.32,7.03,3.37,24,0.75,23.25,0.13,10.2,0.1,0.03,0.3,0.28,0.03,9.28,0.87,4.48,1.32,3.85,173.127,52.274,2.18,173.127,5.8,0.146,737,198.1,11.56
SHS 40x40x6.3,40,6.3,9.4,6.3,14.8,8.07,14.7,29.4,13.5,19.1,2.47,7.34,3.73,25.4,1.03,24.37,0.14,10.67,0.1,0.03,0.3,0.3,0.03,9.9,0.69,5.04,1.349,4.25,189.504,57.611,2.33,189.504,6.3,0.144,807,178.439,11.02
SHS 50x50x2.9,50,2.9,4.3,2.9,38.4,5.37,19.7,39.4,19.1,27,2.36,7.87,2.33,31.2,0.15,31.05,0.06,11.5,0.12,0.03,0.3,0.22,0.03,9.43,2.14,3.63,1.198,2.73,126.261,37.064,2.21,126.261,4.2,0.193,537,359.404,22.11
SHS 50x50x3.0,50,3,4.5,3,38,5.54,20.2,40.4,19.1,27,2.43,8.08,2.4,32.1,0.16,31.94,0.07,11.8,0.12,0.03,0.3,0.23,0.03,9.7,2.17,3.75,1.201,2.82,130.257,38.261,2.28,130.257,4.3,0.192,554,346.57,22.01
SHS 50x50x3.2,50,3.2,4.8,3.2,37.2,5.88,21.2,42.4,19,26.9,2.56,8.49,2.54,33.8,0.2,33.6,0.08,12.39,0.12,0.03,0.3,0.25,0.03,10.24,2.21,4,1.206,3,138.177,40.638,2.41,138.177,4.6,0.192,588,326.531,21.81
SHS 50x50x3.6,50,3.6,5.4,3.6,35.6,6.54,23.2,46.4,18.8,26.6,2.82,9.27,2.85,37.2,0.28,36.92,0.1,13.5,0.13,0.04,0.3,0.3,0.04,11.28,2.28,4.5,1.217,3.34,153.73,45.327,2.65,153.73,5.1,0.191,654,292.049,21.42
SHS 50x50x4.0,50,4,6,4,34,7.19,25,50,18.6,26.3,3.06,9.99,3.15,40.4,0.38,40.02,0.13,14.53,0.14,0.05,0.3,0.36,0.04,12.27,2.31,5,1.228,3.68,168.902,49.929,2.88,168.902,5.6,0.19,719,264.256,21.02
SHS 50x50x5.0,50,5,7.5,5,30,8.73,28.9,57.8,18.2,25.7,3.62,11.6,3.87,47.6,0.71,46.89,0.2,16.76,0.15,0.07,0.4,0.48,0.05,14.52,2.25,6.25,1.252,4.5,205.159,61.055,3.41,205.159,6.9,0.187,873,214.204,20.04
SHS 50x50x5.6,50,5.6,8.4,5.6,27.6,9.61,30.8,61.6,17.9,25.3,3.93,12.3,4.28,51.3,0.98,50.32,0.24,17.88,0.16,0.09,0.4,0.55,0.06,15.73,2.13,7,1.279,4.97,225.767,67.47,3.7,225.767,7.5,0.186,961,193.548,19.44
SHS 50x50x6.3,50,6.3,9.4,6.3,24.8,10.6,32.8,65.6,17.6,24.9,4.25,13.1,4.78,55.2,1.37,53.83,0.28,19,0.16,0.1,0.4,0.63,0.07,17,1.94,7.88,1.298,5.51,248.724,74.707,3.99,248.724,8.3,0.184,1060,173.585,18.76
SHS 50x50x7.1,50,7.1,10.7,7.1,21.6,11.6,34.5,69,17.2,24.3,4.57,13.8,5.3,58.9,1.9,57,0.31,20.05,0.16,0.11,0.4,0.69,0.07,18.27,1.66,8.88,1.324,6.09,273.529,82.652,4.29,273.529,9.1,0.182,1160,156.897,17.97
SHS 50x50x8.0,50,8,12,8,18,12.8,36,72,16.8,23.8,4.87,14.4,5.89,62.3,2.63,59.67,0.34,20.96,0.15,0.11,0.4,0.74,0.08,19.49,1.3,10,1.353,6.72,299.607,91.175,4.58,299.607,10,0.179,1280,139.844,17.09
SHS 60x60x2.9,60,2.9,4.3,2.9,48.4,6.53,35.2,70.4,23.2,32.8,3.48,11.7,2.8,55.3,0.18,55.12,0.08,17.22,0.15,0.05,0.3,0.33,0.04,13.91,3.4,5.22,1.189,3.31,153.521,44.934,3.27,153.521,5.1,0.233,653,356.815,32.53
SHS 60x60x3.0,60,3,4.5,3,48,6.74,36.2,72.4,23.2,32.8,3.58,12.1,2.9,56.9,0.2,56.7,0.09,17.69,0.15,0.05,0.3,0.35,0.04,14.33,3.46,5.4,1.184,3.42,158.457,46.402,3.37,158.457,5.3,0.232,674,344.214,32.41
SHS 60x60x3.2,60,3.2,4.8,3.2,47.2,7.16,38.2,76.4,23.1,32.7,3.79,12.7,3.09,60.2,0.24,59.96,0.11,18.62,0.16,0.06,0.3,0.39,0.05,15.16,3.56,5.76,1.194,3.64,168.257,49.321,3.56,168.257,5.6,0.232,716,324.022,32.17
SHS 60x60x3.6,60,3.6,5.4,3.6,45.6,7.98,41.9,83.8,22.9,32.4,4.19,14,3.45,66.5,0.34,66.16,0.14,20.4,0.17,0.08,0.3,0.47,0.06,16.76,3.74,6.48,1.197,4.06,187.57,55.096,3.94,187.57,6.3,0.231,798,289.474,31.7
SHS 60x60x4.0,60,4,6,4,44,8.79,45.4,90.8,22.7,32.1,4.58,15.1,3.81,72.5,0.46,72.04,0.18,22.07,0.18,0.1,0.3,0.56,0.07,18.3,3.87,7.2,1.212,4.48,206.502,60.783,4.3,206.502,6.9,0.23,879,261.661,31.22
SHS 60x60x5.0,60,5,7.5,5,40,10.7,53.3,106.6,22.3,31.5,5.46,17.8,4.71,86.4,0.88,85.52,0.29,25.8,0.21,0.16,0.4,0.78,0.09,21.89,4,9,1.23,5.5,252.159,74.623,5.14,252.159,8.4,0.227,1070,212.15,30.04
SHS 60x60x5.6,60,5.6,8.4,5.6,37.6,11.8,57.4,114.8,22,31.1,5.95,19.1,5.23,93.9,1.22,92.68,0.36,27.76,0.22,0.2,0.4,0.92,0.1,23.86,3.96,10.08,1.249,6.09,278.407,82.665,5.61,278.407,9.3,0.226,1180,191.525,29.32
SHS 60x60x6.3,60,6.3,9.4,6.3,34.8,13.1,61.6,123.2,21.7,30.7,6.49,20.5,5.81,102,1.7,100.3,0.44,29.79,0.22,0.24,0.4,1.06,0.12,25.99,3.81,11.34,1.268,6.77,307.944,91.802,6.11,307.944,10.3,0.224,1310,170.992,28.5
SHS 60x60x7.1,60,7.1,10.7,7.1,31.6,14.5,65.8,131.6,21.3,30.1,7.04,21.9,6.48,110,2.38,107.62,0.53,31.81,0.23,0.28,0.5,1.22,0.13,28.21,3.54,12.78,1.288,7.51,340.269,101.918,6.63,340.269,11.4,0.222,1450,153.103,27.55
SHS 60x60x8.0,60,8,12,8,28,16,69.7,139.4,20.9,29.6,7.61,23.2,7.22,118,3.32,114.68,0.61,33.71,0.23,0.32,0.5,1.36,0.15,30.43,3.14,14.4,1.311,8.32,374.807,112.884,7.15,374.807,12.6,0.219,1600,136.875,26.49
SHS 70x70x3.0,70,3,4.5,3,58,7.94,59,118,27.3,38.6,4.97,16.9,3.4,92.2,0.24,91.96,0.11,24.78,0.18,0.09,0.3,0.5,0.06,19.86,5.05,7.35,1.175,4.02,186.657,54.542,4.67,186.657,6.2,0.272,794,342.569,44.81
SHS 70x70x3.2,70,3.2,4.8,3.2,57.2,8.44,62.3,124.6,27.2,38.5,5.26,17.8,3.62,97.6,0.29,97.31,0.13,26.13,0.19,0.11,0.3,0.56,0.07,21.04,5.23,7.84,1.182,4.28,198.337,58.005,4.94,198.337,6.6,0.272,844,322.275,44.53
SHS 70x70x3.6,70,3.6,5.4,3.6,55.6,9.42,68.6,137.2,27,38.2,5.83,19.6,4.05,108,0.4,107.6,0.18,28.73,0.21,0.14,0.3,0.68,0.08,23.32,5.56,8.82,1.19,4.78,221.41,64.865,5.48,221.41,7.4,0.271,942,287.686,43.98
SHS 70x70x4.0,70,4,6,4,54,10.4,74.7,149.4,26.8,37.9,6.38,21.3,4.48,118,0.55,117.45,0.23,31.2,0.22,0.18,0.3,0.81,0.1,25.54,5.83,9.8,1.199,5.28,244.102,71.638,6,244.102,8.2,0.27,1040,259.615,43.42
SHS 70x70x5.0,70,5,7.5,5,50,12.7,88.5,177,26.4,37.3,7.69,25.3,5.54,142,1.05,140.95,0.39,36.84,0.26,0.3,0.4,1.15,0.13,30.76,6.25,12.25,1.216,6.5,299.159,88.19,7.23,299.159,10,0.267,1270,210.236,42.04
SHS 70x70x5.6,70,5.6,8.4,5.6,47.6,14.1,95.9,191.8,26.1,36.9,8.4,27.4,6.16,155,1.45,153.55,0.49,39.87,0.27,0.38,0.4,1.37,0.16,33.67,6.34,13.72,1.229,7.21,331.047,97.861,7.91,331.047,11.1,0.266,1410,188.652,41.2
SHS 70x70x6.3,70,6.3,9.4,6.3,44.8,15.6,104,208,25.8,36.5,9.2,29.7,6.9,169,2.03,166.97,0.62,43.08,0.29,0.47,0.5,1.62,0.18,36.87,6.32,15.44,1.241,8.03,367.164,108.897,8.66,367.164,12.2,0.264,1560,169.231,40.24
SHS 70x70x7.1,70,7.1,10.7,7.1,41.6,17.3,112,224,25.4,35.9,10.05,32,7.69,185,2.86,182.14,0.77,46.37,0.3,0.57,0.5,1.89,0.21,40.27,6.14,17.4,1.258,8.93,407.009,121.184,9.46,407.009,13.6,0.262,1730,151.445,39.13
SHS 70x70x8.0,70,8,12,8,38,19.2,120,240,25,35.4,10.92,34.2,8.6,200,4,196,0.93,49.59,0.31,0.68,0.5,2.17,0.24,43.76,5.78,19.6,1.28,9.92,450.007,134.592,10.28,450.007,15.1,0.259,1920,134.896,37.89
SHS 70x70x8.8,70,8.8,13.2,8.8,34.8,20.7,126,252,24.6,34.8,11.65,35.9,9.37,212,5.22,206.78,1.06,52.07,0.32,0.76,0.5,2.4,0.26,46.58,5.33,21.56,1.297,10.77,486.605,146.141,10.95,486.605,16.2,0.257,2070,124.155,36.79
SHS 80x80x3.2,80,3.2,4.8,3.2,67.2,9.72,95,190,31.3,44.3,6.97,23.7,4.16,148,0.33,147.67,0.16,34.91,0.23,0.17,0.3,0.75,0.09,27.87,7.23,10.24,1.176,4.92,228.417,66.688,6.55,228.417,7.6,0.312,972,320.988,58.89
SHS 80x80x3.6,80,3.6,5.4,3.6,65.6,10.9,105,210,31.1,44,7.74,26.2,4.66,164,0.47,163.53,0.22,38.5,0.25,0.23,0.3,0.92,0.11,30.96,7.75,11.52,1.182,5.5,255.25,74.633,7.28,255.25,8.6,0.311,1090,285.321,58.26
SHS 80x80x4.0,80,4,6,4,64,12,114,228,30.9,43.7,8.49,28.6,5.11,180,0.63,179.37,0.29,41.94,0.27,0.3,0.4,1.1,0.13,33.97,8.19,12.8,1.188,6.08,281.702,82.492,7.98,281.702,9.4,0.31,1200,258.333,57.62
SHS 80x80x5.0,80,5,7.5,5,60,14.7,137,274,30.5,43.1,10.28,34.2,6.41,217,1.21,215.79,0.49,49.87,0.31,0.5,0.4,1.6,0.19,41.12,9,16,1.202,7.5,346.159,101.758,9.66,346.159,11.5,0.307,1470,208.844,56.04
SHS 80x80x5.6,80,5.6,8.4,5.6,57.6,16.3,149,298,30.2,42.7,11.29,37.2,7.12,238,1.69,236.31,0.63,54.2,0.33,0.64,0.5,1.91,0.22,45.16,9.29,17.92,1.214,8.33,383.687,113.057,10.61,383.687,12.8,0.306,1630,187.73,55.08
SHS 80x80x6.3,80,6.3,9.4,6.3,54.8,18.1,162,324,29.9,42.3,12.38,40.5,7.94,262,2.37,259.63,0.81,58.87,0.36,0.81,0.5,2.28,0.26,49.64,9.46,20.16,1.226,9.29,426.384,125.993,11.67,426.384,14.2,0.304,1810,167.956,53.98
SHS 80x80x7.1,80,7.1,10.7,7.1,51.6,20.2,176,352,29.5,41.7,13.58,43.9,8.91,286,3.33,282.67,1.03,63.74,0.38,1.02,0.5,2.71,0.31,54.46,9.45,22.72,1.24,10.35,473.749,140.45,12.8,473.749,15.9,0.302,2020,149.505,52.71
SHS 80x80x8.0,80,8,12,8,48,22.4,189,378,29.1,41.2,14.85,47.3,9.87,312,4.68,307.32,1.28,68.63,0.39,1.25,0.6,3.17,0.35,59.49,9.22,25.6,1.258,11.52,525.207,156.3,13.98,525.207,17.6,0.299,2240,133.482,51.29
SHS 80x80x8.8,80,8.8,13.2,8.8,44.8,24.2,200,400,28.7,40.6,15.88,50,10.79,332,6.13,325.87,1.5,72.5,0.4,1.44,0.6,3.55,0.39,63.64,8.83,28.16,1.273,12.53,569.325,170.02,14.96,569.325,19,0.297,2420,122.727,50.03
SHS 80x80x10.0,80,10,15,10,40,26.9,214,428,28.2,39.9,17.32,53.5,12.14,360,8.76,351.24,1.8,77.51,0.41,1.68,0.6,4.07,0.44,69.28,8,32,1.295,14,632.636,189.948,16.28,632.636,21.1,0.294,2690,109.294,48.14
SHS 90x90x3.6,90,3.6,5.4,3.6,75.6,12.3,152,304,35.2,49.8,9.92,33.8,5.25,237,0.53,236.47,0.26,49.71,0.29,0.34,0.3,1.2,0.14,39.69,10.29,14.58,1.174,6.22,289.09,84.402,9.33,289.09,9.7,0.351,1230,285.366,74.54
SHS 90x90x4.0,90,4,6,4,74,13.6,166,332,35,49.5,10.9,37,5.8,260,0.72,259.28,0.34,54.27,0.31,0.45,0.4,1.45,0.17,43.61,10.95,16.2,1.179,6.88,319.302,93.346,10.25,319.302,10.7,0.35,1360,257.353,73.82
SHS 90x90x5.0,90,5,7.5,5,70,16.7,200,400,34.5,48.8,13.25,44.4,7.24,316,1.38,314.62,0.59,64.89,0.36,0.77,0.4,2.11,0.25,52.99,12.25,20.25,1.193,8.5,393.159,115.326,12.45,393.159,13.1,0.347,1670,207.784,72.04
SHS 90x90x5.6,90,5.6,8.4,5.6,67.6,18.6,218,436,34.3,48.5,14.58,48.5,8.03,347,1.92,345.08,0.77,70.76,0.39,1,0.5,2.54,0.3,58.33,12.8,22.68,1.203,9.45,436.327,128.253,13.71,436.327,14.6,0.346,1860,186.022,70.96
SHS 90x90x6.3,90,6.3,9.4,6.3,64.8,20.7,238,476,34,48.1,16.08,53,8.96,382,2.7,379.3,1.01,77.17,0.42,1.29,0.5,3.06,0.35,64.3,13.23,25.52,1.213,10.55,485.604,143.088,15.11,485.604,16.2,0.344,2070,166.184,69.72
SHS 90x90x7.1,90,7.1,10.7,7.1,61.6,23,260,520,33.6,47.5,17.65,57.7,10.08,419,3.81,415.19,1.31,83.93,0.45,1.65,0.6,3.66,0.42,70.78,13.47,28.75,1.227,11.77,540.489,159.717,16.63,540.489,18.1,0.342,2300,148.696,68.29
SHS 90x90x8.0,90,8,12,8,58,25.6,281,562,33.2,47,19.37,62.6,11.2,459,5.36,453.64,1.66,90.84,0.48,2.07,0.6,4.35,0.49,77.63,13.46,32.4,1.24,13.12,600.407,178.009,18.24,600.407,20.1,0.339,2560,132.422,66.69
SHS 90x90x8.8,90,8.8,13.2,8.8,54.8,27.8,299,598,32.8,46.4,20.79,66.5,12.27,492,7.03,484.97,1.98,96.41,0.49,2.44,0.6,4.94,0.55,83.34,13.21,35.64,1.253,14.29,652.045,193.899,19.58,652.045,21.8,0.337,2780,121.223,65.27
SHS 90x90x10.0,90,10,15,10,50,30.9,322,644,32.3,45.7,22.77,71.6,13.77,536,10.09,525.91,2.44,103.8,0.51,2.95,0.7,5.76,0.63,91.24,12.5,40.5,1.274,16,726.636,217.084,21.44,726.636,24.3,0.334,3090,108.091,63.14
SHS 100x100x3.6,100,3.6,5.4,3.6,85.6,13.7,212,424,39.2,55.4,12.37,42.3,5.88,328,0.59,327.41,0.3,62.36,0.32,0.49,0.3,1.52,0.18,49.49,13.19,18,1.17,6.94,322.93,94.171,11.63,322.93,10.8,0.391,1370,285.401,92.82
SHS 100x100x4.0,100,4,6,4,84,15.2,232,464,39.1,55.3,13.61,46.4,6.5,361,0.8,360.2,0.4,68.19,0.35,0.65,0.4,1.83,0.22,54.44,14.11,20,1.173,7.68,356.902,104.2,12.79,356.902,11.9,0.39,1520,256.579,92.02
SHS 100x100x5.0,100,5,7.5,5,80,18.7,279,558,38.6,54.6,16.59,55.9,8.02,439,1.55,437.45,0.7,81.91,0.42,1.13,0.4,2.7,0.32,66.35,16,25,1.187,9.5,440.159,128.893,15.59,440.159,14.7,0.387,1870,206.952,90.04
SHS 100x100x5.6,100,5.6,8.4,5.6,77.6,20.8,306,612,38.4,54.3,18.29,61.2,8.96,484,2.15,481.85,0.92,89.56,0.45,1.48,0.5,3.26,0.38,73.18,16.86,28,1.196,10.57,488.967,143.449,17.2,488.967,16.3,0.386,2080,185.577,88.84
SHS 100x100x6.3,100,6.3,9.4,6.3,74.8,23.2,336,672,38,53.7,20.21,67.1,10.06,534,3.03,530.97,1.21,97.98,0.49,1.93,0.5,3.95,0.46,80.85,17.62,31.5,1.205,11.81,544.824,160.183,19,544.824,18.2,0.384,2320,165.517,87.46
SHS 100x100x7.1,100,7.1,10.7,7.1,71.6,25.8,367,734,37.7,53.3,22.31,73.4,11.24,589,4.29,584.71,1.59,106.94,0.53,2.5,0.6,4.76,0.55,89.23,18.2,35.5,1.216,13.19,607.229,178.983,20.97,607.229,20.3,0.382,2580,148.062,85.87
SHS 100x100x8.0,100,8,12,8,68,28.8,400,800,37.3,52.8,24.48,79.9,12.6,646,6.05,639.95,2.05,116.23,0.56,3.19,0.6,5.7,0.65,98.16,18.5,40,1.229,14.72,675.607,199.717,23.07,675.607,22.6,0.379,2880,131.597,84.09
SHS 100x100x8.8,100,8.8,13.2,8.8,64.8,31.3,426,852,36.9,52.2,26.36,85.2,13.73,694,7.94,686.06,2.48,123.81,0.59,3.82,0.7,6.53,0.74,105.68,18.48,44,1.24,16.05,734.765,217.778,24.83,734.765,24.6,0.377,3130,120.447,82.51
SHS 100x100x10.0,100,10,15,10,60,34.9,462,924,36.4,51.5,28.99,92.4,15.46,761,11.43,749.57,3.13,134.05,0.61,4.76,0.7,7.74,0.86,116.2,18,50,1.258,18,820.636,244.219,27.31,820.636,27.4,0.374,3490,107.163,80.14
SHS 120x120x4.0,120,4,6,4,104,18.4,410,820,47.2,66.8,19.93,68.4,7.82,635,0.98,634.02,0.51,100.84,0.44,1.2,0.4,2.74,0.33,79.71,21.63,28.8,1.165,9.28,432.102,125.909,18.73,432.102,14.4,0.47,1840,255.435,134.42
SHS 120x120x5.0,120,5,7.5,5,100,22.7,498,996,46.8,66.2,24.4,83,9.73,777,1.88,775.12,0.92,121.93,0.52,2.14,0.5,4.08,0.49,97.58,25,36,1.176,11.5,534.159,156.029,22.93,534.159,17.8,0.467,2270,205.727,132.04
SHS 120x120x5.6,120,5.6,8.4,5.6,97.6,25.3,547,1094,46.5,65.8,26.98,91.2,10.83,858,2.62,855.38,1.22,133.87,0.57,2.84,0.5,4.97,0.59,107.92,26.67,40.32,1.183,12.81,594.247,173.841,25.36,594.247,19.9,0.466,2530,184.19,130.6
SHS 120x120x6.3,120,6.3,9.4,6.3,94.8,28.2,603,1206,46.2,65.3,29.91,100,12.15,950,3.7,946.3,1.64,147.14,0.62,3.78,0.6,6.07,0.72,119.62,28.31,45.36,1.196,14.33,663.264,194.374,28.11,663.264,22.1,0.464,2820,164.539,128.94
SHS 120x120x7.1,120,7.1,10.7,7.1,91.6,31.5,663,1326,45.9,64.9,33.13,110,13.62,1050,5.24,1044.76,2.18,161.46,0.68,5,0.6,7.4,0.87,132.52,29.79,51.12,1.205,16.03,740.709,217.515,31.14,740.709,24.7,0.462,3150,146.667,127.03
SHS 120x120x8.0,120,8,12,8,88,35.2,726,1452,45.5,64.3,36.61,121,15.24,1160,7.41,1152.59,2.87,176.55,0.73,6.53,0.7,8.96,1.04,146.43,30.98,57.6,1.21,17.92,826.007,243.134,34.41,826.007,27.6,0.459,3520,130.398,124.89
SHS 120x120x8.8,120,8.8,13.2,8.8,84.8,38.3,779,1558,45.1,63.8,39.57,130,16.68,1250,9.76,1240.24,3.53,189.09,0.77,8,0.7,10.38,1.2,158.27,31.64,63.36,1.217,19.57,900.205,265.537,37.19,900.205,30.1,0.457,3830,119.321,122.99
SHS 120x120x10.0,120,10,15,10,80,42.9,852,1704,44.6,63.1,43.68,142,18.81,1380,14.09,1365.91,4.61,206.43,0.82,10.32,0.8,12.54,1.43,175.12,32,72,1.233,22,1008.636,298.49,41.15,1008.636,33.7,0.454,4290,105.828,120.14
SHS 120x120x11.0,120,11,16.5,11,76,46.7,908,1816,44.1,62.4,46.98,151,20.58,1480,18.5,1461.5,5.55,219.59,0.86,12.28,0.8,14.33,1.61,188.33,31.77,79.2,1.247,23.98,1096.37,325.354,44.26,1096.37,36.7,0.452,4670,96.788,117.77
SHS 120x120x12.5,120,12.5,18.8,12.5,70,52.1,982,1964,43.4,61.4,51.59,164,23.13,1620,26.6,1593.4,6.97,237.25,0.9,15.13,0.9,16.87,1.87,206.75,30.63,90,1.261,26.87,1223.494,364.633,48.59,1223.494,40.9,0.448,5210,85.988,114.22
SHS 140x140x5.0,140,5,7.5,5,120,26.7,807,1614,55,77.8,33.7,115,11.38,1250,2.21,1247.79,1.14,169.95,0.63,3.64,0.5,5.76,0.69,134.81,36,49,1.172,13.5,628.159,183.164,31.68,628.159,21,0.547,2670,204.869,182.04
SHS 140x140x5.6,140,5.6,8.4,5.6,117.6,29.8,891,1782,54.7,77.4,37.34,127,12.73,1390,3.09,1386.91,1.53,187.12,0.69,4.87,0.5,7.04,0.85,149.38,38.72,54.88,1.176,15.05,699.527,204.232,35.1,699.527,23.4,0.546,2980,183.221,180.36
SHS 140x140x6.3,140,6.3,9.4,6.3,114.8,33.3,984,1968,54.4,76.9,41.49,141,14.26,1540,4.37,1535.63,2.07,206.35,0.76,6.55,0.6,8.65,1.03,165.95,41.51,61.74,1.177,16.85,781.704,228.565,39,781.704,26.1,0.544,3330,163.363,178.42
SHS 140x140x7.1,140,7.1,10.7,7.1,111.6,37.2,1090,2180,54,76.4,46.08,155,16.11,1710,6.2,1703.8,2.78,227.31,0.83,8.78,0.6,10.61,1.26,184.33,44.21,69.58,1.189,18.87,874.189,256.048,43.32,874.189,29.2,0.542,3720,145.699,176.19
SHS 140x140x8.0,140,8,12,8,108,41.6,1200,2400,53.6,75.8,51.08,171,18.08,1890,8.78,1881.22,3.72,249.63,0.9,11.65,0.7,12.95,1.53,204.3,46.66,78.4,1.195,21.12,976.407,286.55,48.01,976.407,32.7,0.539,4160,129.567,173.69
SHS 140x140x8.8,140,8.8,13.2,8.8,104.8,45.4,1290,2580,53.3,75.4,55.36,184,19.73,2050,11.58,2038.42,4.64,268.4,0.96,14.47,0.7,15.12,1.77,221.43,48.33,86.24,1.203,23.09,1065.645,313.295,52.04,1065.645,35.6,0.537,4540,118.282,171.47
SHS 140x140x10.0,140,10,15,10,100,50.9,1420,2840,52.7,74.5,61.51,202,22.28,2270,16.76,2253.24,6.19,294.71,1.03,19.09,0.8,18.47,2.14,246.04,50,98,1.218,26,1196.636,352.761,57.82,1196.636,40,0.534,5090,104.912,168.14
SHS 140x140x11.0,140,11,16.5,11,96,55.5,1520,3040,52.3,74,66.23,217,24.37,2450,22.05,2427.95,7.58,315.03,1.09,23.2,0.9,21.32,2.44,265.56,50.69,107.8,1.224,28.38,1303.17,385.052,62.41,1303.17,43.6,0.532,5550,95.856,165.37
SHS 140x140x12.5,140,12.5,18.8,12.5,90,62.1,1650,3300,51.6,73,73.14,236,27.21,2700,31.8,2668.2,9.79,342.91,1.15,29.55,0.9,25.6,2.89,293.19,50.63,122.5,1.242,31.87,1458.494,432.471,68.9,1458.494,48.7,0.528,6210,85.024,161.22
SHS 140x140x14.2,140,14.2,21.3,14.2,83.2,69.3,1790,3580,50.8,71.8,80.38,256,30.7,2950,45.7,2904.3,12.34,370.93,1.21,36.62,1,30.26,3.36,322.13,49.15,139.16,1.258,35.73,1628.035,484.737,75.7,1628.035,54.4,0.523,6930,75.469,156.53
SHS 140x140x16.0,140,16,24,16,76,76.6,1920,3840,50,70.7,87.38,274,34.38,3200,63.96,3136.04,14.92,396.73,1.25,43.43,1.1,34.78,3.81,350.08,46.21,156.8,1.278,39.68,1800.028,538.368,82.27,1800.028,60.1,0.519,7660,67.755,151.56
SHS 150x150x5.0,150,5,7.5,5,130,28.7,1000,2000,59,83.4,38.92,134,12.19,1550,2.38,1547.62,1.25,196.96,0.69,4.59,0.5,6.7,0.81,155.68,42.25,56.25,1.162,14.5,675.159,196.732,36.58,675.159,22.5,0.587,2870,204.53,210.04
SHS 150x150x5.6,150,5.6,8.4,5.6,127.6,32,1110,2220,58.8,83.2,43.16,147,13.76,1720,3.32,1716.68,1.69,217.11,0.75,6.17,0.5,8.21,0.99,172.63,45.59,63,1.174,16.17,752.167,219.428,40.57,752.167,25.1,0.586,3200,183.125,208.24
SHS 150x150x6.3,150,6.3,9.4,6.3,124.8,35.8,1220,2440,58.5,82.7,47.99,163,15.23,1910,4.7,1905.3,2.29,239.74,0.82,8.34,0.6,10.11,1.21,191.95,49.06,70.88,1.178,18.11,840.924,245.66,45.11,840.924,28.1,0.584,3580,163.128,206.16
SHS 150x150x7.1,150,7.1,10.7,7.1,121.6,40,1350,2700,58.1,82.2,53.36,180,17.12,2120,6.67,2113.33,3.09,264.49,0.9,11.23,0.6,12.44,1.48,213.43,52.49,79.88,1.186,20.29,940.929,275.314,50.16,940.929,31.4,0.582,4000,145.5,203.77
SHS 150x150x8.0,150,8,12,8,118,44.8,1490,2980,57.7,81.6,59.21,199,19.25,2350,9.46,2340.54,4.15,290.96,0.98,14.98,0.7,15.22,1.8,236.84,55.7,90,1.19,22.72,1051.607,308.259,55.66,1051.607,35.2,0.579,4480,129.241,201.09
SHS 150x150x8.8,150,8.8,13.2,8.8,114.8,48.9,1610,3220,57.4,81.2,64.24,214,21.16,2550,12.49,2537.51,5.21,313.31,1.05,18.72,0.8,17.82,2.1,256.97,57.99,99,1.201,24.85,1148.365,337.174,60.39,1148.365,38.4,0.577,4890,117.996,198.71
SHS 150x150x10.0,150,10,15,10,110,54.9,1770,3540,56.8,80.3,71.5,236,23.74,2830,18.09,2811.91,7,344.83,1.14,24.92,0.8,21.87,2.55,286,60.5,112.5,1.212,28,1290.636,379.896,67.21,1290.636,43.1,0.574,5490,104.554,195.14
SHS 150x150x11.0,150,11,16.5,11,106,59.9,1900,3800,56.4,79.8,77.28,254,26.01,3060,23.83,3036.17,8.63,369.32,1.2,30.51,0.9,25.34,2.93,309.13,61.8,123.75,1.217,30.58,1406.57,414.901,72.65,1406.57,47,0.572,5990,95.492,192.17
SHS 150x150x12.5,150,12.5,18.8,12.5,100,67.1,2080,4160,55.7,78.8,85.32,277,29.39,3380,34.41,3345.59,11.27,403.18,1.29,39.35,1,30.61,3.48,342.03,62.5,140.63,1.235,34.37,1575.994,466.391,80.38,1575.994,52.7,0.568,6710,84.65,187.72
SHS 150x150x14.2,150,14.2,21.3,14.2,93.2,75,2260,4520,54.9,77.6,94,302,33.04,3710,49.51,3660.49,14.39,437.59,1.36,49.52,1,36.53,4.09,376.76,61.67,159.75,1.248,38.57,1761.515,523.269,88.54,1761.515,58.9,0.563,7500,75.067,182.69
SHS 150x150x16.0,150,16,24,16,86,83,2430,4860,54.1,76.5,102.47,324,36.92,4030,69.43,3960.57,17.68,469.73,1.41,59.77,1.1,42.38,4.68,410.62,59.17,180,1.267,42.88,1950.428,581.784,96.49,1950.428,65.2,0.559,8300,67.349,177.36
SHS 160x160x5.0,160,5,7.5,5,140,30.7,1220,2440,63.1,89.2,44.51,153,12.97,1890,2.55,1887.45,1.36,225.97,0.74,5.7,0.5,7.72,0.93,178.04,49,64,1.164,15.5,722.159,210.3,41.84,722.159,24.1,0.627,3070,204.235,240.04
SHS 160x160x5.6,160,5.6,8.4,5.6,137.6,34.2,1350,2700,62.9,89,49.39,169,14.52,2100,3.56,2096.44,1.84,249.33,0.81,7.69,0.5,9.47,1.14,197.56,53.01,71.68,1.169,17.29,804.807,234.624,46.43,804.807,26.8,0.626,3420,183.041,238.12
SHS 160x160x6.3,160,6.3,9.4,6.3,134.8,38.3,1500,3000,62.6,88.5,54.96,187,16.39,2330,5.03,2324.97,2.51,275.64,0.89,10.42,0.6,11.68,1.4,219.84,57.24,80.64,1.176,19.37,900.144,262.755,51.66,900.144,30.1,0.624,3830,162.924,235.9
SHS 160x160x7.1,160,7.1,10.7,7.1,131.6,42.9,1660,3320,62.2,88,61.17,207,18.39,2600,7.15,2592.85,3.4,304.51,0.98,14.1,0.7,14.4,1.72,244.66,61.48,90.88,1.182,21.71,1007.669,294.58,57.5,1007.669,33.7,0.622,4290,144.988,233.35
SHS 160x160x8.0,160,8,12,8,128,48,1830,3660,61.8,87.4,67.94,229,20.58,2880,10.14,2869.86,4.59,335.49,1.07,18.91,0.7,17.68,2.1,271.77,65.54,102.4,1.187,24.32,1126.807,329.967,63.87,1126.807,37.7,0.619,4800,128.958,230.49
SHS 160x160x8.8,160,8.8,13.2,8.8,124.8,52.4,1980,3960,61.4,86.8,73.79,247,22.63,3120,13.39,3106.61,5.79,361.74,1.14,23.73,0.8,20.74,2.45,295.15,68.53,112.64,1.195,26.61,1231.085,361.054,69.36,1231.085,41.1,0.617,5240,117.748,227.95
SHS 160x160x10.0,160,10,15,10,120,58.9,2190,4380,60.9,86.1,82.24,273,25.6,3480,19.43,3460.57,7.82,398.93,1.25,31.83,0.9,25.55,2.99,328.96,72,128,1.205,30,1384.636,407.032,77.31,1384.636,46.2,0.614,5890,104.244,224.14
SHS 160x160x11.0,160,11,16.5,11,116,64.3,2350,4700,60.5,85.6,89,294,27.94,3760,25.6,3734.4,9.7,427.99,1.32,39.23,0.9,29.71,3.45,356,74.01,140.8,1.211,32.78,1509.97,444.75,83.66,1509.97,50.5,0.612,6430,95.179,220.97
SHS 160x160x12.5,160,12.5,18.8,12.5,110,72.1,2580,5160,59.8,84.6,98.42,322,31.6,4160,37.01,4122.99,12.78,468.42,1.42,51.11,1,36.07,4.13,394.63,75.63,160,1.226,36.88,1693.494,500.31,92.74,1693.494,56.6,0.608,7210,84.327,216.22
SHS 160x160x14.2,160,14.2,21.3,14.2,103.2,80.7,2810,5620,59,83.4,108.68,351,35.5,4580,53.33,4526.67,16.51,509.89,1.5,65.14,1.1,43.31,4.89,435.65,75.62,181.76,1.241,41.41,1894.995,561.802,102.38,1894.995,63.3,0.603,8070,74.721,210.85
SHS 160x160x16.0,160,16,24,16,96,89.4,3030,6060,58.2,82.3,118.76,379,39.64,4990,74.89,4915.11,20.54,549.05,1.57,79.8,1.1,50.73,5.65,475.95,73.73,204.8,1.256,46.08,2100.828,625.201,111.85,2100.828,70.2,0.599,8940,67.002,205.16
SHS 180x180x6.3,180,6.3,9.4,6.3,154.8,43.3,2170,4340,70.7,100,70.32,241,18.51,3360,5.7,3354.3,2.95,355,1.03,15.58,0.6,15.17,1.83,281.29,75.48,102.06,1.167,21.89,1018.584,296.946,66.1,1018.584,34,0.704,4330,162.587,301.38
SHS 180x180x7.1,180,7.1,10.7,7.1,151.6,48.6,2400,4800,70.4,99.6,78.38,267,20.67,3740,8.11,3731.89,4.03,393.05,1.13,21.23,0.7,18.77,2.26,313.51,81.59,115.02,1.174,24.55,1141.149,333.112,73.68,1141.149,38.2,0.702,4860,144.444,298.51
SHS 180x180x8.0,180,8,12,8,148,54.4,2660,5320,70,99,87.21,296,23.27,4160,11.51,4148.49,5.47,434.12,1.24,28.7,0.7,23.13,2.77,348.84,87.62,129.6,1.179,27.52,1277.207,373.384,81.98,1277.207,42.7,0.699,5440,128.493,295.29
SHS 180x180x8.8,180,8.8,13.2,8.8,144.8,59.4,2880,5760,69.6,98.4,94.86,320,25.52,4520,15.21,4504.79,6.95,469.14,1.33,36.3,0.8,27.25,3.24,379.43,92.25,142.56,1.186,30.13,1396.525,408.812,89.17,1396.525,46.6,0.697,5940,117.34,292.43
SHS 180x180x10.0,180,10,15,10,140,66.9,3190,6380,69.1,97.7,105.97,355,28.79,5050,22.09,5027.91,9.49,519.11,1.46,49.26,0.9,33.78,3.99,423.88,98,162,1.194,34,1572.636,461.303,99.61,1572.636,52.5,0.694,6690,103.737,288.14
SHS 180x180x11.0,180,11,16.5,11,136,73.1,3440,6880,68.6,97,114.91,382,31.57,5470,29.15,5440.85,11.89,558.48,1.55,61.34,0.9,39.48,4.63,459.63,101.73,178.2,1.203,37.18,1716.77,504.448,108.01,1716.77,57.4,0.692,7310,94.665,284.57
SHS 180x180x12.5,180,12.5,18.8,12.5,130,82.1,3790,7580,68,96.2,127.77,421,35.66,6070,42.22,6027.78,15.89,613.83,1.68,81.25,1,48.33,5.61,511.06,105.63,202.5,1.214,41.87,1928.494,568.149,120.1,1928.494,64.4,0.688,8210,83.8,279.22
SHS 180x180x14.2,180,14.2,21.3,14.2,123.2,92,4150,8300,67.2,95,141.22,462,40.14,6710,60.97,6649.03,20.89,671.41,1.8,105.64,1.1,58.62,6.71,566.22,107.77,230.04,1.226,47.09,2161.955,638.866,133.06,2161.955,72.2,0.683,9200,74.239,273.17
SHS 180x180x16.0,180,16,24,16,116,102,4500,9000,66.4,93.9,154.93,500,44.88,7340,85.81,7254.19,26.52,726.73,1.9,132.43,1.2,69.53,7.86,621.03,107.65,259.2,1.242,52.48,2401.628,712.035,145.94,2401.628,80.1,0.679,10200,66.569,266.76
SHS 200x200x5.0,200,5,7.5,5,180,38.7,2440,4880,79.5,112.4,70.63,245,16.34,3760,3.21,3756.79,1.81,361.99,0.95,11.91,0.5,12.5,1.52,282.5,81,100,1.153,19.5,910.159,264.571,66.39,910.159,30.4,0.787,3870,203.359,380.04
SHS 200x200x5.6,200,5.6,8.4,5.6,177.6,43.2,2710,5420,79.2,112,78.52,271,18.34,4170,4.5,4165.5,2.47,400.61,1.05,16.2,0.5,15.41,1.87,314.08,88.32,112,1.159,21.77,1015.367,295.407,73.81,1015.367,33.9,0.786,4320,181.944,377.64
SHS 200x200x6.3,200,6.3,9.4,6.3,174.8,48.4,3010,6020,78.9,111.6,87.58,301,20.57,4650,6.37,4643.63,3.4,444.43,1.16,22.21,0.6,19.11,2.32,350.3,96.25,126,1.164,24.41,1137.024,331.137,82.32,1137.024,38,0.784,4840,161.983,374.86
SHS 200x200x7.1,200,7.1,10.7,7.1,171.6,54.2,3340,6680,78.5,111,97.72,335,23.05,5190,9.06,5180.94,4.67,492.94,1.28,30.43,0.7,23.72,2.86,390.88,104.54,142,1.167,27.39,1274.629,371.645,91.86,1274.629,42.5,0.782,5420,144.28,371.67
SHS 200x200x8.0,200,8,12,8,168,60.8,3710,7420,78.1,110.5,108.88,371,25.98,5780,12.87,5767.13,6.37,545.54,1.41,41.4,0.7,29.33,3.52,435.51,112.9,160,1.174,30.72,1427.607,416.801,102.34,1427.607,47.7,0.779,6080,128.125,368.09
SHS 200x200x8.8,200,8.8,13.2,8.8,164.8,66.5,4020,8040,77.8,110,118.57,402,28.45,6290,17.03,6272.97,8.13,590.6,1.52,52.67,0.8,34.65,4.14,474.27,119.5,176,1.18,33.65,1561.965,456.57,111.45,1561.965,52.2,0.777,6650,116.842,364.91
SHS 200x200x10.0,200,10,15,10,160,74.9,4470,8940,77.2,109.2,132.7,447,32.18,7030,24.76,7005.24,11.2,655.25,1.67,72.13,0.9,43.15,5.13,530.8,128,200,1.187,38,1760.636,515.574,124.74,1760.636,58.8,0.774,7490,103.338,360.14
SHS 200x200x11.0,200,11,16.5,11,156,81.9,4830,9660,76.8,108.6,144.12,483,35.3,7630,32.7,7597.3,14.12,706.53,1.79,90.53,1,50.64,5.98,576.46,133.85,220,1.194,41.58,1923.57,564.146,135.47,1923.57,64.3,0.772,8190,94.261,356.17
SHS 200x200x12.5,200,12.5,18.8,12.5,150,92.1,5340,10680,76.1,107.6,160.63,534,39.9,8490,47.43,8442.57,19.09,779.17,1.95,121.42,1.1,62.39,7.3,642.5,140.63,250,1.203,46.88,2163.494,635.987,150.99,2163.494,72.3,0.768,9210,83.388,350.22
SHS 200x200x14.2,200,14.2,21.3,14.2,143.2,103,5870,11740,75.4,106.6,178.46,587,44.93,9420,68.6,9351.4,25.43,855.53,2.1,160.25,1.2,76.23,8.83,713.82,145.59,284,1.216,52.77,2428.915,715.931,167.75,2428.915,80.9,0.763,10300,74.078,343.49
SHS 200x200x16.0,200,16,24,16,136,115,6390,12780,74.6,105.5,195.87,639,50.26,10300,96.73,10203.27,32.77,929.82,2.24,204.34,1.3,91.2,10.43,785.31,147.97,320,1.229,58.88,2702.428,798.868,184.55,2702.428,90.3,0.759,11500,66,336.36
SHS 220x220x8.0,220,8,12,8,188,67.2,5000,10000,86.3,122,132.94,455,28.62,7760,14.24,7745.76,7.28,669.75,1.58,57.39,0.8,36.25,4.37,531.78,141.38,193.6,1.169,33.92,1578.007,460.217,124.97,1578.007,52.8,0.859,6720,127.827,448.89
SHS 220x220x8.8,220,8.8,13.2,8.8,184.8,73.5,5430,10860,85.9,121.5,144.92,494,31.41,8460,18.85,8441.15,9.33,726.12,1.71,73.34,0.8,42.94,5.16,579.66,150.26,212.96,1.173,37.17,1727.405,504.329,136.22,1727.405,57.7,0.857,7350,116.599,445.39
SHS 220x220x10.0,220,10,15,10,180,82.9,6050,12100,85.4,120.8,162.43,550,35.54,9470,27.43,9442.57,12.93,807.37,1.88,101.17,0.9,53.67,6.41,649.72,162,242,1.181,42,1948.636,569.845,152.69,1948.636,65.1,0.854,8290,103.016,440.14
SHS 220x220x11.0,220,11,16.5,11,176,90.7,6550,13100,85,120.2,176.62,595,39.01,10300,36.25,10263.75,16.4,872.14,2.02,127.78,1,63.18,7.51,706.5,170.37,266.2,1.187,45.98,2130.37,623.844,166.03,2130.37,71.2,0.852,9070,93.936,435.77
SHS 220x220x12.5,220,12.5,18.8,12.5,170,102,7250,14500,84.3,119.2,197.24,659,43.98,11500,52.64,11447.36,22.35,964.45,2.21,173.05,1.1,78.23,9.22,788.94,180.63,302.5,1.197,51.87,2398.494,703.826,185.4,2398.494,80.1,0.848,10200,83.137,429.22
SHS 220x220x14.2,220,14.2,21.3,14.2,163.2,115,8010,16020,83.5,118.1,219.62,728,49.74,12800,76.24,12723.76,30.08,1062.28,2.4,231.07,1.2,96.16,11.23,878.47,189.1,343.64,1.207,58.45,2695.875,792.996,206.44,2695.875,90.3,0.843,11500,73.304,421.81
SHS 220x220x16.0,220,16,24,16,156,128,8750,17500,82.7,117,242.2,795,55.66,14100,107.66,13992.34,39.23,1158.37,2.58,298.55,1.3,115.8,13.38,968.78,194.69,387.2,1.219,65.28,3003.228,885.701,227.66,3003.228,100.5,0.839,12800,65.547,413.96
SHS 250x250x5.0,250,5,7.5,5,230,48.7,4860,9720,99.9,141.3,111.71,389,20.59,7430,4.05,7425.95,2.38,577.01,1.22,24.53,0.5,20.08,2.46,446.83,132.25,156.25,1.149,24.5,1145.159,332.409,105,1145.159,38.2,0.987,4870,202.669,600.04
SHS 250x250x5.6,250,5.6,8.4,5.6,227.6,54.4,5400,10800,99.6,140.9,124.38,432,23.04,8270,5.67,8264.33,3.27,640.09,1.35,33.6,0.6,24.85,3.04,497.53,145.04,175,1.152,27.37,1278.567,371.387,116.92,1278.567,42.7,0.986,5440,181.25,597.04
SHS 250x250x6.3,250,6.3,9.4,6.3,224.8,61,6010,12020,99.3,140.4,138.98,481,25.82,9240,8.03,9231.97,4.52,712.1,1.5,46.44,0.6,30.96,3.78,555.9,159.19,196.88,1.156,30.71,1433.124,416.613,130.64,1433.124,47.9,0.984,6100,161.311,593.56
SHS 250x250x7.1,250,7.1,10.7,7.1,221.6,68.4,6700,13400,99,140,155.4,536,29.05,10300,11.45,10288.55,6.27,792.35,1.66,64.23,0.7,38.61,4.7,621.59,174.33,221.88,1.16,34.49,1608.329,467.975,146.07,1608.329,53.7,0.982,6840,143.567,589.57
SHS 250x250x8.0,250,8,12,8,218,76.8,7460,14920,98.6,139.4,173.55,596,32.7,11500,16.29,11483.71,8.65,880.06,1.84,88.35,0.8,48.02,5.82,694.18,190.1,250,1.165,38.72,1803.607,525.343,163.13,1803.607,60.3,0.979,7680,127.474,585.09
SHS 250x250x8.8,250,8.8,13.2,8.8,214.8,84.1,8110,16220,98.2,138.9,189.39,649,35.86,12600,21.57,12578.43,11.14,955.78,1.99,113.53,0.8,57.03,6.89,757.56,203.01,275,1.167,42.45,1975.565,575.966,178.03,1975.565,66,0.977,8410,116.171,581.11
SHS 250x250x10.0,250,10,15,10,210,94.9,9060,18120,97.7,138.2,212.65,724,40.61,14100,31.43,14068.57,15.56,1065.52,2.21,157.93,0.9,71.6,8.6,850.6,220.5,312.5,1.175,48,2230.636,651.251,199.89,2230.636,74.5,0.974,9490,102.634,575.14
SHS 250x250x11.0,250,11,16.5,11,206,104,9820,19640,97.2,137.5,231.58,785,44.5,15400,41.58,15358.42,19.86,1153.51,2.37,200.91,1,84.6,10.12,926.3,233.4,343.75,1.18,52.58,2440.57,713.391,217.68,2440.57,81.6,0.972,10400,93.462,570.17
SHS 250x250x12.5,250,12.5,18.8,12.5,200,117,10900,21800,96.6,136.6,259.18,873,50.17,17200,60.45,17139.55,27.34,1279.79,2.61,275.15,1.1,105.35,12.52,1036.72,250,390.63,1.188,59.37,2750.994,805.584,243.63,2750.994,91.8,0.968,11700,82.735,562.72
SHS 250x250x14.2,250,14.2,21.3,14.2,193.2,132,12100,24200,95.8,135.5,289.35,967,56.9,19100,87.69,19012.31,37.24,1414.89,2.86,372.35,1.2,130.38,15.37,1157.39,265.02,443.75,1.197,66.97,3096.315,908.593,271.99,3096.315,103.6,0.963,13200,72.955,554.29
SHS 250x250x16.0,250,16,24,16,186,147,13300,26600,95,134.4,320,1060,64,21100,124.04,20975.96,49.21,1549.01,3.09,488.31,1.4,158.2,18.49,1280,276.77,500,1.208,74.88,3454.428,1015.952,300.8,3454.428,115.4,0.959,14700,65.238,545.36
SHS 260x260x7.1,260,7.1,10.7,7.1,231.6,71.3,7570,15140,103,145.7,168.53,582,30.27,11600,11.92,11588.08,6.59,860.74,1.74,73.1,0.7,42.03,5.12,674.12,190.42,239.98,1.158,35.91,1675.069,487.242,158.42,1675.069,56,1.02,7130,143.058,639.15
SHS 260x260x8.0,260,8,12,8,228,80,8420,16840,103,145.7,188.28,648,33.98,13000,16.97,12983.03,9.11,956.55,1.93,100.73,0.8,52.31,6.35,753.12,207.94,270.4,1.162,40.32,1878.807,547.051,176.98,1878.807,62.8,1.02,8000,127.5,634.49
SHS 260x260x8.8,260,8.8,13.2,8.8,224.8,87.6,9160,18320,102,144.2,205.53,705,37.28,14200,22.48,14177.52,11.75,1039.37,2.08,129.63,0.8,62.17,7.52,822.14,222.35,297.44,1.166,44.21,2058.285,599.846,193.2,2058.285,68.8,1.02,8760,116.438,630.35
SHS 260x260x10.0,260,10,15,10,220,98.9,10200,20400,102,144.2,230.89,788,41.89,15900,32.76,15867.24,16.44,1159.56,2.31,180.74,0.9,78.15,9.4,923.57,242,338,1.172,50,2324.636,678.387,217.04,2324.636,77.6,1.01,9890,102.123,624.14
SHS 260x260x11.0,260,11,16.5,11,216,108,11100,22200,101,142.8,251.54,855,46.23,17300,43.35,17256.65,21.02,1256.09,2.49,230.38,1,92.43,11.08,1006.17,256.61,371.8,1.177,54.78,2543.97,743.24,236.45,2543.97,84.8,1.01,10800,93.519,618.97
SHS 260x260x12.5,260,12.5,18.8,12.5,210,122,12400,24800,101,142.8,281.7,951,52.7,19400,63.05,19336.95,29.03,1394.89,2.75,316.48,1.1,115.29,13.73,1126.82,275.63,422.5,1.185,61.87,2868.494,839.503,264.8,2868.494,95.8,1.01,12200,82.787,611.22
SHS 260x260x14.2,260,14.2,21.3,14.2,203.2,137,13700,27400,99.9,141.3,314.72,1060,59.1,21700,91.51,21608.49,39.66,1543.76,3.01,429.84,1.3,142.95,16.89,1258.88,293.16,479.96,1.188,69.81,3229.795,947.125,295.84,3229.795,107.5,1,13700,72.993,602.45
SHS 260x260x16.0,260,16,24,16,196,153,15100,30200,99.1,140.1,348.33,1160,66.7,23900,129.5,23770.5,52.59,1691.98,3.26,566,1.4,173.8,20.37,1393.34,307.33,540.8,1.201,78.08,3604.828,1059.368,327.43,3604.828,120.1,0.999,15300,65.294,593.16
SHS 300x300x6.3,300,6.3,9.4,6.3,274.8,73.6,10500,21000,120,169.7,202.19,703,30.85,16100,9.7,16090.3,5.66,1042.75,1.84,83.91,0.6,45.65,5.59,808.75,237.87,283.5,1.15,37.01,1729.224,502.09,190.06,1729.224,57.8,1.18,7360,160.326,862.26
SHS 300x300x7.1,300,7.1,10.7,7.1,271.6,82.6,11800,23600,119,168.3,226.39,785,35.15,18100,13.83,18086.17,7.89,1162.73,2.04,116.76,0.7,57.12,6.98,905.54,261.87,319.5,1.154,41.59,1942.029,564.306,212.8,1942.029,64.8,1.18,8260,142.857,857.47
SHS 300x300x8.0,300,8,12,8,268,92.8,13100,26200,119,168.3,253.21,875,39.18,20200,19.7,20180.3,10.95,1294.53,2.27,161.75,0.8,71.29,8.69,1012.86,287.3,360,1.158,46.72,2179.607,633.884,238.02,2179.607,72.8,1.18,9280,127.155,852.09
SHS 300x300x8.8,300,8.8,13.2,8.8,264.8,102,14300,28600,119,168.3,276.71,954,43.17,22100,26.12,22073.88,14.19,1408.92,2.46,209.19,0.9,84.96,10.32,1106.85,308.52,396,1.16,51.25,2389.165,695.363,260.11,2389.165,80.1,1.18,10200,115.686,847.31
SHS 300x300x10.0,300,10,15,10,260,115,16000,32000,118,166.9,311.35,1070,48.77,24800,38.09,24761.91,20,1575.7,2.74,293.87,1,107.21,12.97,1245.41,338,450,1.164,58,2700.636,786.928,292.67,2700.636,90.3,1.17,11500,101.739,840.14
SHS 300x300x11.0,300,11,16.5,11,256,126,17400,34800,118,166.9,339.66,1160,53.57,27000,50.45,26949.55,25.72,1710.37,2.96,377,1,127.23,15.34,1358.64,360.45,495,1.171,63.58,2957.57,862.636,319.28,2957.57,98.9,1.17,12600,92.857,834.17
SHS 300x300x12.5,300,12.5,18.8,12.5,250,142,19400,38800,117,165.5,381.17,1300,60.51,30300,73.47,30226.53,35.83,1905.22,3.28,523.1,1.2,159.51,19.13,1524.7,390.62,562.5,1.173,71.88,3338.494,975.181,358.3,3338.494,111.5,1.17,14200,82.394,825.22
SHS 300x300x14.2,300,14.2,21.3,14.2,243.2,160,21600,43200,116,164,426.86,1440,68.49,33900,106.78,33793.22,49.49,2115.93,3.61,718.87,1.3,198.98,23.71,1707.45,419.94,639,1.186,81.17,3763.715,1101.255,401.25,3763.715,125.6,1.16,16000,72.5,815.09
SHS 300x300x16.0,300,16,24,16,236,179,23800,47600,115,162.6,473.67,1590,76.75,37600,151.35,37448.65,66.39,2327.72,3.94,958.99,1.4,243.54,28.82,1894.69,445.57,720,1.192,90.88,4206.428,1233.035,445.25,4206.428,140.5,1.16,17900,64.804,804.36
SHS 350x350x8.0,350,8,12,8,318,109,21100,42200,139,196.6,347.88,1210,45.92,32400,23.11,32376.89,13.27,1788.99,2.7,267.52,0.8,99.16,12.13,1391.53,404.5,490,1.15,54.72,2555.607,742.426,327.01,2555.607,85.6,1.38,10900,126.606,1169.09
SHS 350x350x8.8,350,8.8,13.2,8.8,314.8,119,23100,46200,139,196.6,380.54,1320,50.76,35400,30.66,35369.34,17.27,1950.02,2.93,347.51,0.9,118.44,14.45,1522.15,436.04,539,1.153,60.05,2802.765,814.759,357.71,2802.765,93.4,1.38,11900,115.966,1163.51
SHS 350x350x10.0,350,10,15,10,310,135,25900,51800,139,196.6,428.8,1480,57.38,39900,44.76,39855.24,24.48,2185.83,3.28,491.49,1,149.98,18.24,1715.21,480.5,612.5,1.159,68,3170.636,922.606,403.07,3170.636,106,1.37,13500,101.481,1155.14
SHS 350x350x11.0,350,11,16.5,11,306,148,28200,56400,138,195.2,468.37,1610,62.96,43500,59.32,43440.68,31.66,2377.16,3.55,634.19,1.1,178.53,21.64,1873.47,515,673.75,1.164,74.58,3474.57,1011.881,440.27,3474.57,116.2,1.37,14800,92.568,1148.17
SHS 350x350x12.5,350,12.5,18.8,12.5,300,167,31500,63000,137,193.7,526.6,1800,71.04,48900,86.49,48813.51,44.47,2655.53,3.95,887.82,1.2,224.87,27.14,2106.42,562.5,765.63,1.17,84.37,3925.994,1144.777,495.01,3925.994,131.1,1.37,16700,82.036,1137.72
SHS 350x350x14.2,350,14.2,21.3,14.2,293.2,189,35200,70400,137,193.7,591,2010,80.56,54900,125.87,54774.13,61.99,2958.79,4.37,1232.88,1.3,282.02,33.86,2364.01,610.36,869.75,1.176,95.37,4431.115,1293.917,555.54,4431.115,148.4,1.36,18900,71.958,1125.89
SHS 350x350x16.0,350,16,24,16,286,211,38900,77800,136,192.3,657.35,2220,90.26,61000,178.65,60821.35,84.02,3266.13,4.79,1663.65,1.5,347.22,41.45,2629.39,654.37,980,1.184,106.88,4958.428,1450.119,617.91,4958.428,165.6,1.36,21100,64.455,1113.36
SHS 400x400x8.0,400,8,12,8,368,125,31900,63800,160,226.3,457.55,1590,52.88,48700,26.53,48673.47,15.6,2363.43,3.13,411.55,0.8,131.6,16.14,1830.2,541.7,640,1.151,62.72,2931.607,850.968,430.1,2931.607,98.1,1.58,12500,126.4,1536.09
SHS 400x400x8.8,400,8.8,13.2,8.8,364.8,137,34800,69600,159,224.9,500.86,1740,57.93,53300,35.2,53264.8,20.36,2579.1,3.41,536.35,0.9,157.46,19.27,2003.44,585.55,704,1.151,68.85,3216.365,934.155,470.81,3216.365,107.5,1.58,13700,115.328,1529.71
SHS 400x400x10.0,400,10,15,10,360,155,39100,78200,159,224.9,565,1960,65.58,60100,51.43,60048.57,29,2895.93,3.81,762.35,1,199.92,24.4,2260.01,648,800,1.153,78,3640.636,1058.283,531.1,3640.636,121.7,1.57,15500,101.29,1520.14
SHS 400x400x11.0,400,11,16.5,11,356,170,42700,85400,158,223.4,617.7,2130,72.23,65700,68.2,65631.8,37.65,3153.91,4.14,987.84,1.1,238.49,29.03,2470.81,697.05,880,1.16,85.58,3991.57,1161.126,580.64,3991.57,133.4,1.57,17000,92.353,1512.17
SHS 400x400x12.5,400,12.5,18.8,12.5,350,192,47800,95600,158,223.4,695.47,2390,81.56,73900,99.51,73800.49,53.19,3530.77,4.62,1391.86,1.2,301.42,36.55,2781.89,765.63,1000,1.164,96.87,4513.494,1314.374,653.74,4513.494,150.7,1.57,19200,81.771,1500.22
SHS 400x400x14.2,400,14.2,21.3,14.2,343.2,217,53500,107000,157,222,781.77,2680,92.4,83000,144.96,82855.04,74.66,3943.52,5.13,1947.44,1.3,379.5,45.81,3127.08,836.28,1136,1.167,109.57,5098.515,1486.578,734.86,5098.515,170.3,1.56,21700,71.889,1486.69
SHS 400x400x16.0,400,16,24,16,336,243,59300,118600,156,220.6,871.02,2970,103.69,92400,205.96,92194.04,101.95,4364.35,5.65,2649.61,1.5,469.24,56.37,3484.08,903.17,1280,1.173,122.88,5710.428,1667.203,818.76,5710.428,190.8,1.56,24300,64.198,1472.36
